Item Name,SKU,Status,Opening Stock,Reorder Level
"WILO CIRCULATING PUMP - 220V/50HZ, 400W, 1"" X 1""",PURC-000100,Active,0,
"TEMPERING VALVE INSULATED 3/4""",T-0236,Active,22,
"TEMPERING VALVE INSULATED 1/2""",T-0237,Active,14,
THERMOSYPHON ARRESTOR VALVE,T-0238,Active,16,
"SOLAR CONTROLLER - T47MM X W110MM X L172MM, DIFFERENTIAL CONTROLLER SENSOR",PURC-000153,Active,0,
"SOLAR CONSOLE - R586SY002, C/W CIRCULATION PUMP",T-0239,Active,6,
SUMMER 55E VWM - 3KW CARTON CEV,COMP-006527,Active,0,
AVC HEAT PUMP HF30 CUSTOMIZED,COMP-000283,Active,0,
"SUMMER HEATPUMP HF45 - 15HP, 11.23KW/415V, 3PH",COMP-000240,Active,0,
HEATFIRST HF60 BASIC,COMP-000052,Active,0,
KINETICO POU - PREMIER COMPACT WATER SOFTENER,16145,Active,10,
KINETICO POU - PREMIER UF FILTER,100-500-INT,Active,21,
"KINETICO MACH PREFILTER - 10"" NORYL (INDOOR)",11825,Active,28,
"KINETICO MACH PREFILTER - 16"" NORYL (INDOOR)",11826,Active,13,
"KIT,INSTALL FILTER ENCLOSURE",11670A,Active,38,
KINETICO SELECTO SMF IC600,16645,Active,1,
AVENTURA POE FILTER - 840,T-0244,Active,11,
KINETICO SELECTO SMF IC614,16646,Active,9,
AVENTURA POE FILTER - 1044,T-0247,Active,29,
"KINETICO COMMERCIAL POE HYDRUS SOFTENER - HS 121S, OD, MULTIPLEX",H12246,Active,0,
"KINETICO PREMIER SERIES® MACH 4060S OD, MACROLITE®",11223,Active,0,
"BRINE DRUM ASY 24X40, CP213S",10586A,Active,0,
"KINETICO PREMIER SERIES® MACH 2100F OD, MACROLITE®",11146A,Active,5,
"(Inactive) - KINETICO POE FILTER - CP213F, OD, MACROLITE",,Inactive,0,
AVENTURA POE FILTER - 1054,T-0249,Active,20,
KINETICO CP213S OD,11180A,Active,0,
PPR ELBOW 20MM,T-0005,Active,0,
PPR T JOINT 32MM,T-0009,Active,0,
"PPR THREADED MALE SOCKET 32MM/ 1""",T-0011,Active,1,
"SS SOCKET 1”, BSP",PART-000146,Active,14,
SS TEE CONNECTION 1'',T-0017,Active,13,
"SS SOCKET – 1 1/2”, BSP",PART-000145,Active,10,
BALL COCK 28MM,T-0020,Active,0,
BALL COCK 40MM,T-0021,Active,0,
BALL COCK 50MM,T-0022,Active,1,
PVC SOCKET 1 1/4'',T-0025,Active,34,
"PVC TEE 1""",T-0026,Active,94,
"PVC REDUCER TEE 3/4"" X 1""",T-0027,Active,76,
"PVC REDUCER ELBOW 1"" X 1/2""",T-0030,Active,18,
"PVC THREADED MALE SOCKET 1""",T-0031,Active,12,
"PVC REDUCER SOCKET 3/4"" X 1/2""",T-0032,Active,94,
PVC REDUCER SOCKET 32 X 20 MM,T-0033,Active,9,
PVC REDUCER SOCKET 32 X 25 MM,T-0034,Active,54,
PVC REDUCER SOCKET 40 X 25 MM,T-0035,Active,1,
"PVC THREADED MALE SOCKET 3/4""",T-0037,Active,216,
"PVC ELBOW 3/4""",T-0040,Active,33,
"PVC REDUCER ELBOW 3/4"" X 1/2""",T-0041,Active,100,
"PVC END CAP 1""",T-0042,Active,24,
"PVC END CAP 3/4""",T-0044,Active,30,
"PVC TEE 1/2""",T-0045,Active,14,
PVC THREADED FEMALE ELBOW 1'',T-0046,Active,57,
PVC THREADED FEMALE SOCKET 1'',T-0047,Active,15,
"ABS SOCKET 3/4""",T-0048,Active,0,
"SS REDUCING NIPPLE 1"" X 1/2""",T-0049,Active,99,
"SS REDUCER BUSH 1 1/4"" X 1""",T-0050,Active,,
"SS REDUCER SOCKET 1 1/2"" X 1/2""",T-0051,Active,4,
"PVC TEE 1 1/4""",T-0054,Active,40,
"PVC REDUCER TEE 3/4"" X 1/2""",T-0055,Active,156,
PVC REDUCER TEE 1 1/4'' X 1'',T-0056,Active,39,
PVC THREADED MALE SOCKET 1 1/2'',T-0057,Active,4,
ABS SOCKET 25MM,T-0058,Active,119,
ABS SOCKET 32 MM,T-0059,Active,1,
ABS THREADED MALE SOCKET 1'',T-0061,Active,168,
ABS ELBOW 32MM,T-0062,Active,50,
ABS ELBOW 40MM,T-0063,Active,6,
ABS ELBOW 52MM,T-0064,Active,6,
ABS SOCKET 40 MM,T-0065,Active,4,
ABS SOCKET 52MM,T-0066,Active,6,
PVC 45 ELBOW 52MM,T-0068,Active,2,
"SS ELBOW 2""",T-0069,Active,6,
SS NIPPLE 1”,PART-000112,Active,30,
"SS REDUCING NIPPLE 1"" X 3/4""",T-0071,Active,16,
"SS REDUCER SOCKET 1"" X 3/4""",T-0072,Active,12,
"BRASS SOCKET 1""",T-0073,Active,79,
"BRASS REDUCER TEE 1"" X 3/4""",T-0074,Active,12,
"ABS REDUCER TEE 3/4"" X 1/2""",T-0075,Active,67,
"ABS THREADED FEMALE SOCKET 1 1/2""",T-0076,Active,9,
"ABS THREADED MALE SOCKET 1 1/2""",T-0077,Active,48,
"SS REDUCER TEE 1"" X 1/2""",T-0079,Active,56,
"SS REDUCER TEE 3/4"" X 1/2""",T-0080,Active,15,
ABS BUSH 25 X 20 MM,T-0082,Active,13,
ABS BUSH 32 X 15 MM,T-0083,Active,5,
ABS BUSH 32 X 25 MM,T-0084,Active,12,
ABS BUSH 40 X 25 MM,T-0085,Active,35,
ABS END CAP 14 MM,T-0086,Active,18,
ABS END CAP 20 MM,T-0087,Active,43,
ABS END CAP 25 MM,T-0088,Active,36,
ABS END CAP 32 MM,T-0089,Active,2,
ABS END CAP 40 MM,T-0090,Active,11,
ABS END CAP 50 MM,T-0091,Active,8,
"ABS THREADED FEMALE SOCKET 1 1/4""",T-0092,Active,1,
"ABS TEE 1""",T-0093,Active,77,
"ABS THREADED FEMALE SOCKET 1""",T-0094,Active,20,
"ABS THREADED FEMALE SOCKET 1/2""",T-0095,Active,10,
"ABS THREADED MALE SOCKET 1 1/4""",T-0096,Active,28,
"ABS THREADED MALE SOCKET 2""",T-0097,Active,10,
ABS REDUCER SOCKET 32 X 25 MM,T-0098,Active,43,
ABS REDUCER TEE 25 X 15 MM,T-0099,Active,0,
ABS REDUCER TEE 32 X 15 MM,T-0100,Active,27,
ABS REDUCER TEE 32 X 25 MM,T-0101,Active,10,
ABS REDUCER TEE 40 X 25 MM,T-0102,Active,12,
ABS REDUCER TEE 40 X 32 MM,T-0103,Active,7,
SS REDUCER ELBOW 32MM X 20MM,T-0105,Active,42,
SS TEE CONNECTION 1/2'',PART-000061,Active,50,
"SS ELBOW 1""",T-0106,Active,87,
"SS ELBOW 1/2""",T-0107,Active,64,
"SS ELBOW 3/4""",T-0108,Active,40,
"SS REDUCER SOCKET 3/4"" X 1/2""",T-0109,Active,10,
SS TEE CONNECTION 3/4'',T-0110,Active,17,
"SS ELBOW 1 1/4""",T-0111,Active,26,
"SS REDUCER ELBOW 1"" X 1/2""",T-0112,Active,11,
"SS REDUCER ELBOW 1"" X 3/4""",T-0113,Active,37,
"SS REDUCER SOCKET 1 1/4"" X 1""",T-0114,Active,18,
"SS REDUCER SOCKET 1"" X 1/2""",T-0115,Active,36,
"SS REDUCER TEE 1"" X 3/4""",T-0116,Active,3,
"SS SOCKET 1/2”, BSP",PART-000073,Active,8,
"SS REDUCER ELBOW 1 1/4"" X 1/2""",T-0118,Active,1,
"BRASS THREADED MALE ELBOW 1""",T-0123,Active,17,
"SS SOCKET 3/4""",T-0125,Active,36,
"BRASS THREADED MALE SOCKET 1""",PART-000110,Active,24,
"BRASS THREADED FEMALE SOCKET 1""",PART-000153,Active,158,
"SS ELBOW 1 1/2""",T-0130,Active,11,
"SS REDUCER SOCKET 1 1/2"" X 1 1/4""",T-0133,Active,2,
"SS REDUCER ELBOW 3/4""X 1/2""",T-0134,Active,27,
"SS REDUCER ELBOW 1 1/2"" X 1""",T-0135,Active,11,
"SS REDUCER ELBOW 1 1/4""X 1""",T-0136,Active,11,
"BRASS THREADED FEMALE ELBOW 1 """,T-0138,Active,6,
"BRASS ELBOW 1""",T-0139,Active,225,
"BRASS REDUCER ELBOW 1"" X 1/2""",T-0140,Active,23,
"BRASS REDUCER ELBOW 1"" X 3/4""",T-0141,Active,63,
"BRASS REDUCER SOCKET 1"" X 1/2""",T-0142,Active,30,
"BRASS REDUCER SOCKET 1"" X 3/4""",T-0143,Active,81,
"BRASS REDUCER TEE 1"" X 1/2""",T-0144,Active,45,
PVC THREADED FEMALE SOCKET 3/4'',T-0148,Active,0,
PVC THREADED FEMALE SOCKET 1 1/4'',T-0149,Active,28,
"PVC THREADED FEMALE SOCKET 1/2""",T-0150,Active,0,
"PVC ELBOW 1""",T-0151,Active,52,
PVC THREADED MALE SOCKET 1 1/4'',T-0154,Active,24,
"ABS ELBOW 1""",T-0155,Active,55,
"ABS ELBOW 3/4""",T-0156,Active,65,
"ABS THREADED FEMALE SOCKET 3/4""",T-0158,Active,27,
"ABS REDUCER SOCKET 1"" X 3/4""",T-0159,Active,55,
"ABS REDUCER SOCKET 3/4"" X 1/2""",T-0160,Active,70,
"ABS TEE 3/4""",T-0161,Active,90,
"ABS THREADED MALE SOCKET 3/4""",T-0162,Active,128,
ABS REDUCER TEE 25 MM X 20 MM,T-0164,Active,0,
ABS TEE 32 MM,T-0165,Active,11,
POLY TEE 25 MM,T-0166,Active,0,0
POLY TEE 32 MM,T-0167,Active,52,
"POLY THREADED MALE REDUCER SOCKET 1/2"" X 25 MM",T-0168,Active,45,
POLY SOCKET 20 MM,T-0169,Active,129,
POLY TEE 20 MM,T-0170,Active,55,
POLY REDUCER SOCKET 25 X 20 MM,T-0171,Active,94,
POLY REDUCER SOCKET 32 X 25 MM,T-0172,Active,55,
"POLY THREADED MALE SOCKET 3/4""",T-0173,Active,26,
POLY REDUCER ELBOW 25 X 20 MM,T-0174,Active,49,
POLY THREADED MALE SOCKET 32 MM,T-0176,Active,7,
"POLY THREADED FEMALE ELBOW 1/2""",T-0177,Active,46,
"POLY THREADED MALE REDUCER ELBOW 3/4""X 35 MM",T-0178,Active,76,
POLY ELBOW 20MM,T-0179,Active,150,
"POLY THREADED MALE REDUCER ELBOW 3/4""X 25 MM",T-0181,Active,13,
"POLY THREADED MALE REDUCER SOCKET 1/2"" X 20 MM",T-0182,Active,0,
"POLY REDUCER ELBOW 1/2"" X 25 MM",T-0183,Active,23,
POLY SOCKET 25 MM,T-0184,Active,18,
POLY SOCKET 32 MM,T-0185,Active,78,
POLY ELBOW 32MM,T-0186,Active,13,
POLY END CAP 25 MM,T-0187,Active,34,
POLY END CAP 32 MM,T-0188,Active,53,
"POLY NIPPLE 1""",T-0189,Active,3,
"PVC CUPLING 1 1/2""",T-0192,Active,8,
"PVC CUPLING 1 1/4""",T-0193,Active,50,
"PVC CUPLING 1""",T-0194,Active,52,
"PVC REDUCER ELBOW 1 X 3/4""",T-0195,Active,38,
"PVC THREADED FEMALE ELBOW 3/4""",T-0197,Active,0,
"PVC BALL COCK 1""",T-0198,Active,6,
POLY REDUCER TEE 25 X 25 X 20 MM,T-0199,Active,16,
POLY REDUCER TEE 32 X 32 X 25 MM,T-0200,Active,10,
"POLY TEE 1/2""",T-0201,Active,10,
POLY ELBOW 25 MM,T-0202,Active,2,
"POLY NIPPLE 3/4""",T-0203,Active,24,
"POLY THREADED MALE REDUCER ELBOW 1"" X 32 MM",T-0204,Active,11,
"PVC BALL COCK 1 1/2""",T-0205,Active,8,
"PVC BALL COCK 1 1/4""",T-0206,Active,48,
"BRASS TEE 1""",T-0208,Active,20,
BALL COCK 32MM,T-0210,Active,3,
"BRASS STOP COCK 1""",T-0211,Active,13,
"BRASS GATE VALVE 3/4""",T-0213,Active,8,
"ELBOW,1/2FNPTX5/8T 45108PPG",7873,Active,23,
"PVC BUSH 1/2""",T-0226,Active,0,
"CABLE WIRE – GREY, 300/500V, 3 CORE, 1.5MM2 X 2000MM",SMFG-000032,Active,4,
PVC REDUCER BUSH 32MM X 25MM,T-0266,Active,0,
PVC REDUCER BUSH 25MM X 20MM,T-0267,Active,0,
PVC REDUCER TEE 25MM X 20MM,T-0268,Active,0,
PVC REDUCER TEE 32MM X 20MM,T-0269,Active,0,
PVC ELBOW 32MM,T-0270,Active,0,
"RESILIENT PLUG 13A, 250V AC, PT130R-S",T-0231,Active,14,
"WASHER - SS304, M8 X OD18MM",PURC-000061,Active,"4,372",
"BOLT - SS304, M8 X 20MM X 1.25MM",PART-000012,Active,666,
"NUT – SS304, M8",PART-000043,Active,274,
HEATING ELEMENT - JOVEN,3401895,Active,2,
SENSOR POCKET 135 MM FOR PANEL,PART-000152,Active,12,
"COLLECTOR RAIL – 180L / 40G, AL, 1018MM",SMFG-000080,Active,2,
"COLLECTOR RAIL – 450L / 100G, AL, 3000MM",SMFG-000140,Active,8,
"COLLECTOR RAIL – 270L / 60G, 300L / 66G, 400L / 90G, AL, 1658MM",SMFG-000075,Active,0,
TEMPERATURE SENSOR FKP6 FORCE CIRCULATION,COMP-000350,Active,4,
"THERMAL FUSE - 100°C, 16A, 250V",PURC-000001,Active,394,
"KINETICO PISTON PARTS - MAIN VALVE SEAL, 80 DURO",7865,Active,317,
"KINETICO INTERNAL CONTROL VALVE PART - PURGE, QUAD, VALVE",8657,Active,336,
"KINETICO HYDRUS VALVE PARTS - IN/OUT ADAPTER, 2"", MNPT",10920,Active,19,
"KINETICO HYDRUS VALVE PARTS - MV PISTON, HYDRUS WITH QUAD",10943,Active,27,
"KINETICO HYDRUS VALVE PARTS - SEALS, O-RING, BACKWASH CONTROL",10967,Active,10,
"KINETICO DISTRIBUTOR - UPPER DRILLED MATTSON, CP213S",16986,Active,14,
"KINETICO HYDRUS VALVE PARTS - SEAT, OVERMOLDED",10942A,Active,27,
"KINETICO EXTERNAL POWER SUPPLY, 120-240V 50/60HZ X 12VDC, UK PLUG",12130,Active,3,
KINETICO HYDRUS VALVE PARTS - ECCENTRIC PIN,10949,Active,19,
KINETICO HYDRUS VALVE PARTS - HYDRUS PISTON SPRING,10964,Active,30,
KINETICO HYDRUS VALVE PARTS - ECCENTRIC ACTUATOR,12303,Active,30,
KINETICO HYDRUS VALVE PARTS - HYDRUS PISTON EXTENSION,12305,Active,30,
"KINETICO HYDRUS VALVE PARTS - SHEET METAL SCREW, #10-12 X 3.5",12306,Active,30,
"KINETICO HYDRUS VALVE PARTS - DISC, CONTROL, GREY LPD",10914B,Active,18,
KINETICO HYDRUS VALVE PARTS - HYDRUS INDICATOR,10927A,Active,40,
"KINETICO HYDRUS VALVE PARTS - DISC, CONTROL, BLK LPD",10954B,Active,19,
"KINETICO HYDRUS VALVE PARTS - PAWL,REGEN DRIVE ASY",10980A,Active,40,
KINETICO GEARS - GEAR #P12 NYLON,7892A,Active,108,
KINETICO GEARS - GEAR #P13 NYLON,7893A,Active,52,
KINETICO HYDRUS VALVE PARTS - HYDRUS CAP O-RING,10928,Active,20,
KINETICO HYDRUS VALVE PARTS - L-6 SEAL,10932,Active,5,
KINETICO HYDRUS VALVE PARTS - L-5B SEAL,10935,Active,5,
"KINETICO HYDRUS VALVE PARTS - L-5A SEAL, NHWBP",10938,Active,5,
KINETICO HYDRUS VALVE PARTS - L-3 SEAL,10945,Active,5,
"KINETICO HYDRUS VALVE PARTS - SEALS, O-RING IN/OUT, 228",10965,Active,26,
KINETICO HYDRUS VALVE PART - HYDRUS QUAD RING,10981,Active,40,
KINETICO HYDRUS VALVE PART - L-1 SEAL,10923A,Active,5,
"KINETICO INTERNAL FLOW CONTROLS - FLOW CONTROL, B/W 6.0 GPM, RED, 2100",1584,Active,74,
"KINETICO INTERNAL FLOW CONTROLS - FLOW CONTROL, B/W 4.0 GPM, BLACK, 2060",1902,Active,280,
CONNECTOR LINK - FOR 2100F MODEL,2846,Active,20,
KINETICO CAP AREA PART - BALANCE PISTON SPRING,5448,Active,89,
"KINETICO SOLITAIRE VALVE - SEAL, MAIN BASE",8620,Active,56,
"KINETICO SOLITAIRE VALVE - K5 FILTER DISC, S/S, LEVEL 1",10781,Active,269,
"KINETICO SOLITAIRE VALVE - SEAT, LEVEL 4",2465A,Active,39,
KINETICO VALVE PARTS - METER DISC #7,1510,Active,0,
"KINETICO SOLITAIRE VALVE - SEAL, DFFR, LSR-BLUE, LEVEL 3",8619,Active,35,
"KINETICO CAP AREA PARTS - CAP SEAL, LSR BLK",8628,Active,18,
"KINETICO SOLITAIRE VALVE - SEAL, D/N, LSR-RED, LEVEL 1",8471,Active,14,
"KINETICO VALVE PARTS - L-2, SEAL, LSR-RED",8630,Active,19,
"KINETICO SOLITAIRE VALVE - SEAL, LSR-RED, LEVEL 4",8632,Active,64,
"KINETICO SEALS - O-RING, 80D-BASE, NPL 231",8925,Active,128,
"KINETICO VALVE PARTS - FLOW CONTROL, BLACK 3.0",1055,Active,572,
KINETICO INTERNAL FLOW CONTROLS - METER-HALF LOUVER NOZZLE,13689,Active,46,
"KINETICO SOLITAIRE VALVE - BALANCE PISTON - CP213F, CP213S, CP216S",14927,Active,96,
KINETICO GEARS - GEAR ALIGNMENT CLIP,11902B,Active,264,
"KINETICO PISTON PART - QUAD RING, 125 PISTON",K1550,Active,150,
"KINETICO VALVE PARTS - DRAIN ELBOW 1/2""",7870,Active,73,
TURBINE REGEN 8 JET,11011A,Active,113,
TURBINE REGEN 10 JET,8781F,Active,38,
"STRETCH FILM - PLASTIC, W500MM X 2KG",PKG-000011,Active,0,
"KINETICO CAP AREA PARTS - CONTROL VALVE, SPRING LOADED",13720A,Active,562,
KINETICO DISTRIBUTOR - UPPER NORYL SNAP-ON,9251,Active,"1,450",
"KINETICO CARTRIDGE – MACH 10"" 5M REUSE 12/CN",11827A,Active,34,
"KINETICO CARTRIDGE – SELECTO SMF IC600 10""",16647,Active,9,
"KINETICO CARTRIDGE – SELECTO SMF IC614 14""",16648,Active,5,
"KINETICO MEDIA – GRANULE ACTIVATED CARBON, 2060F",T-0246,Active,0,
WHITE GRAVEL,T-0248,Active,10,
"KINETICO SOLITAIRE VALVE - 2060F ASSEMBLY, OD, UT +L2, LEVEL 1",11210B,Active,20,
CONNECTOR PIPE 2060F,13711B,Active,50,
KINETICO HYDRUS VALVE PARTS - COMPLETE HEAD VALVE SIMPLEX,H12184,Active,14,
KINETICO HYDRUS VALVE PARTS - COMPLETE HEAD MULTI-TANK,H12180,Active,26,
"TOP MOUNT HUB & LATERAL SYSTEM ASSY. FOR 24"" TANKS",CH5667,Active,7,
"TOP MOUNT & LATERAL SYSTEM ASSY FOR 30"" COMPOSITE TANK, 4"" - 8UN WITH EXTENSION",CH10848,Active,4,
"ADAPTER,FLG,0600X0400,FOR",72868,Active,5,
"TOP MOUNT HUB & LATERAL SYSTEM ASSY FOR 18"" TANKS",CH5666,Active,0,
"KINETICO DISTRIBUTOR - TUBE STOP ASY, 13X54, CP213F, MAC",11360,Active,32,
"KINETICO DISTRIBUTOR - TUBE STOP ASY, 13X54, CP213F, CAR",8322A,Active,0,
"KINETICO PARTS - K5 MANIFOLD ASSEMBLY, WITH TOP COVER",12747,Active,2,
"KINETICO PARTS - MODULE HEAD ASSEMBLY, A200, K2",9440,Active,8,
"KINETICO AIR TANK - PNEUMATIC STORAGE TANK, 3 GALLON, BLACK",9344C,Active,12,
"KINETICO POE SOFTENER- CP213S METERED,FILLED",11190,Active,0,
KINETICO POE SOFTENER - CP213S OD NO (MEDIA),11184,Active,0,
KINETICO CARTRIDGE – K5 PERCHLORATE GUARD,11682,Active,21,
KINETICO CARTRIDGE – K5 PUREFECTA / VIRUS FILTER (12874B),12873B,Active,22,
KINETICO CARTRIDGE – K5 ARSENIC GUARD,11781A,Active,8,
"KINETICO FAUCET – ECONOMY, CHROME",S11450B,Active,43,
"COMPOSITE 4""T BLACK EXT BASE ST LBL CTN/HDT SKID",T-0250,Active,0,
"COMPOSITE 6""T F BLACK EXT BASE MYLAR LABEL SINGLE 36""",T-0251,Active,0,
KINETICO HYDRUS VALVE PARTS - SEAL LEVEL 5A SIMPLEX,10978,Active,5,
"KINETICO, FITTINGS, 3/8 TUBE FAUCET",12939,Active,0,
"TOP MOUNT HUB & LATERAL SYSTEM ASSY. FOR 36"" COMPOSITE TANKS, 4"" - 8UN WITH EXTENSION",CH10849,Active,0,
"KINETICO MEDIA – DURACUBE SALT - RTL, 25kg",5408,Active,5,
KINETICO GEARS - GEAR #1,1522,Active,317,
"KINETICO SOLITAIRE VALVE - INTERLOCK, NORYL ACS, LEVEL 5",9261,Active,51,
"KINETICO TUBING - PE, 1/4""X100' ROLL, BLACK NSF CERTIFIED",8555,Active,0,
INSULATION PIPE ID 1/1/8MM X T3/8MM X L1.83MM,T-0214,Active,0,
INSULATION PIPE ID 5/8MM X T1/2MM X L1.83MM,T-0215,Active,0,
INSULATION PIPE ID 7/8MM X T3/8MM X L1.83MM,T-0216,Active,0,
"PIPE - PE, OD20MM",T-0221,Active,17,
"PIPE - PE, OD32MM",T-0223,Active,11,
"PIPE - COPPER, HARD R290, OD15MM X T0.7MM",RAWM-000023,Active,14,
"PIPE - COPPER, HARD R290, OD22MM X T0.9MM",RAWM-000021,Active,2,
"KINETICO INTERNAL CONTROL VALVE PARTS - PURGE, QUAD, VALVE",1590,Active,700,
"KINETICO VALVE PARTS - CONTROL DISC, LAPD & UT, DFFR ORG FOR 4060S CARBON, MACROLITE",8637,Active,26,
"KINETICO VALVE - DFFR SEAL, LSR BLUE, LEVEL 2",8618,Active,0,
"KINETICO SOLITAIRE VALVE COMPONENTSS - L-3, SEAL, LSR-RED",8631,Active,20,
"KINETICO SOLITAIRE VALVE COMPONENTSS - MAIN BASE, STD, CHECK STEM, ACS",8627,Active,0,
"KINETICO MISC PARTS - ELBOW, 1/44FNPTX3/8T, BRN, 4564 PPG",1840,Active,0,
"SOLENOID VLV,3/4 INLET",8493A,Active,0,
"KINETICO INTERNAL CONTROL VALVE PARTS - CONTROL/DRAIN VALVE SEAL, BLUE, 7869",K8193A,Active,0,
"KINETICO PARTS - RESIN TRAP, INLINE FILTER, 1/14"" TUBE, 100 MESH",12144,Active,0,
"KINETICO POU CARTRIDGE - K5, MAC SHUT-OFF, VOC/LEAD",9307A,Active,0,
KINETICO MACGUARD® 7500 FILTER,4050A,Active,0,
STEEL BAND 12MM X 10M (0.7MM),T-0259,Active,4,
"KINETICO VALVE PART - DFFR STD, LEVEL 2",8603A,Active,2,
"LONG SLEEVE ANCHOR 10MM, 5/16''",T-0256,Active,53,
"WATER HAMMER ARRESTOR 1/2""",T-0261,Active,15,
CONCRETE NAIL 60MM X 2MM,T-0258,Active,353.5,
KINETICO VALVE PARTS - METER DISC #6,1509,Active,10,
POLY REDUCER ELBOW 32 X 20 MM,T-0175,Active,49,
"PVC BUSH 2 X 1 1/4""",T-0227,Active,1,
PVC BUSH 32 X 20 MM,T-0228,Active,43,
KINETICO HYDRUS VALVE PARTS - LEVEL 5B,12294A,Active,5,
KINETICO MACGUARD 7500 HEAD (INCLUDES BRACKET AND SCREWS),12870A,Active,2,
POE FILTER INLET/OUTLET ADAPTOR O-RING,10733,Active,288,
"KINETICO HYDRUS VALVE PARTS - HYDRUS WITH INSERTS, LEVEL 1",10901A,Active,20,
POU DRAIN SADDLE,4806,Active,37,
KINETICO DISTRIBUTOR TUBES - STOP ASY 13X54 UI OR,13424,Active,10,
"TANK, STORAGE TANK ASSEMBLY - 14 GALLON, A200",104170,Active,4,
"KINETICO - FILTER, CP213F AC MN TNK",11255A,Active,8,
"KINETICO SOLITARIRE VALVE - SEAL, D/N, LSR-RED, LEVEL 1",8629,Active,18,
"KINETICO SOLITAIRE VALVE - SEAL, BLACK, MAIN BASE",1730,Active,10,
"SEAL,CONTROL/DRAIN 7869 (BLUE)",8193A,Active,70,
"CONNECTOR PIPE 7"", 2030F",14660,Active,46,
SUMMER 45E HWM-R - 3KW WRAPED BASIC,COMP-006413,Active,4,
SUMMER 45E HWM-R - 3KW CARTON BASIC,COMP-007720,Active,2,
SUMMER 45E HCM - 3KW WRAPED BASIC,COMP-006411,Active,2,
SUMMER 38E HCM - 3KW CARTON BASIC,COMP-006382,Active,2,
SUMMER 68E HCM - 3KW WRAPED BASIC,COMP-006575,Active,2,
SUMMER 34E HCM - 3KW WRAP BASIC,COMP-006282,Active,1,
INSTALLATION KIT RAISER BRACKET – 450L,COMP-000471,Active,0,
MERU MP136 HFM - 3KW WRAPED BASIC,COMP-000231,Active,1,
SUMMER 200E HFM - 3KW CARTON MAX,COMP-007106,Active,1,
"BMI 300L SOLAR WATER HEATER - DIRECT OC[GVAL, 0.45MM], IT[SS304,1.5MM]",COMP-005656,Active,0,
"BMI 300L SOLAR WATER HEATER - INDIRECT OC[AL STUCCO, 0.5MM], IT[SS304, 1.5MM]",COMP-005661,Active,0,
"SOLAR COLLECTOR - MATT BLACK, 1938MM BRAND – SOLAR: BMI,MATERIAL – TRAYBOX: ZNAL",COMP-008029,Active,0,
SUMMER 68E HFM - 3KW WRAP BASIC,COMP-006665,Active,0,
HEAT PUMP HF22 CUSTOMISED,WHP-022-01C,Active,0,
CALORIFIER CUSTOMISED-MP1000 (220G) 9KW,WCT-098-03C,Active,0,
"THERMOSTAT - 1PH, 2KW, 0°C-15°C",S-PART-000457,Active,0,
HEAT PUMP HF30 CUSTOMISED,WHP-030-01C,Active,0,
CALORIFIER CUSTOMISED-MP600G (2724LTR),WCT-137-03C,Active,0,
HEAT PUMP HF45 CUSTOMISED,WHP-045-01C,Active,0,
CALORIFIER CUSTOMISED-MP400G (1800LTR),WCT-137-01C,Active,0,
POWER DISTRIBUTION BOARD,S-PART-000576,Active,0,
HEAT PUMP HF60 CUSTOMISED,WHP-060-01C,Active,0,
CALORIFIER CUSTOMISED-MP1250G,WCT-198-02C,Active,0,
MERU MP300 HFM - 9KW WRAPPED BASIC,,Active,0,
COURIER,BCGS-030,Inactive,,
"SOLAR COLLECTOR - MATT BLACK, 1938MM BRAND – SOLAR: ESTEEL,MATERIAL – TRAYBOX: AL",COMP-008028,Active,0,
"ESTEEL 180L SOLAR WATER HEATER - DIRECT OC[GVAL, 0.45MM], IT[SS304,1.5MM]",COMP-005643,Active,0,
"ESTEEL 300L SOLAR WATER HEATER - DIRECT OC[GVAL, 0.45MM], IT[SS304,1.5MM]",COMP-005658,Active,0,
"ESTEEL 400L SOLAR WATER HEATER - DIRECT OC[GVAL, 0.45MM], IT[SS304,1.5MM]",COMP-005667,Active,0,
"ESTEEL 450L SOLAR WATER HEATER - DIRECT OC[GVAL, 0.45MM], IT[SS304,1.5MM]",COMP-005671,Active,0,
"ESTEEL 180L SOLAR WATER HEATER - DIRECT OC[AL STUCCO, 0.5MM], IT[SS304,1.5MM]",COMP-007109,Active,0,
"ESTEEL 180L SOLAR WATER HEATER - DIRECT OC[AL STUCCO, 0.5MM], IT[SS316,1.5MM]",COMP-007107,Active,0,
CABLE TIE – L8”,PART-000091,Active,0,
"COLD PIPE S – 270L/60G, SM, COPPER, HALF HARD R250, OD22MM X T0.9MM",SMFG-000136,Active,0,
"COLD PIPE S – 400L/90G, SM, COPPER, HALF HARD R250, OD22MM X T0.9MM",SMFG-000137,Active,0,
"COLD PIPE J – 180L/40G, SM, COPPER, HALF HARD R250, OD22MM X T0.9MM",SMFG-000138,Active,0,
"COLD PIPE J – 300L/66G, SM, COPPER, HALF HARD R250, OD22MM X T0.9MM",SMFG-000139,Active,0,
"HOT PIPE S – 270L/60G, SM, COPPER, HALF HARD R250, OD22MM X T0.9MM",SMFG-000131,Active,0,
"HOT PIPE S – 400L/90G, SM, COPPER, HALF HARD R250, OD22MM X T0.9MM",SMFG-000132,Active,0,
"HOT PIPE J – 180L/40G, SM, COPPER, HALF HARD R250, OD22MM X T0.9MM",SMFG-000134,Active,0,
"HOT PIPE J – 300L/66G, SM, COPPER, HALF HARD R250, OD22MM X T0.9MM",SMFG-000135,Active,0,
"HOT PIPE EC – 150L/33G, SM, COPPER, HALF HARD R250, OD22MM X T0.9MM",SMFG-000175,Active,0,
"HOT PIPE EC – 180L/40G, SM, COPPER, HALF HARD R250, OD22MM X T0.9MM",SMFG-000176,Active,0,
VALVE MODULE KINETICO 2060F OD,11208,Active,0,
"(INACTIVE) SUMMER 270L SOLAR WATER HEATER - DIRECT",COMP – 000032,Active,0,
"PARTS KIT S – 270L/60G, 3/4”, 2 COLLECTORS, SM – R",COMP – 000027,Active,0,
"MERU MP136 HWM – 3 X 3KW PTV, IT[SS316, T1.5MM]",COMP-007866,Active,0,
"MERU MP136 HWM – 3 X 3KW BASIC, IT[SS316, T1.5MM]",COMP-006921,Active,0,
SUMMER 25E HCM-R - 3KW CARTON CEV,COMP-006181,Active,0,
SUMMER 25E HCM - 3KW WRAPED CEV,COMP-006175,Active,0,
"CHECK VALVE – 1”, BSP",PART-000092,Active,4,
"KINETICO UPPER DISTRIBUTOR, 4060F OD",13703,Active,0,
"INSTALLATION KIT – 180L/60G, 1 COLLECTORS, RAISER",COMP-002947,Active,0,
GX EVACUATED TUBE - B,S-COMP-000148,Active,0,
GX MANIFOLD - 20,S-COMP-000149,Active,0,
"KINETICO PREMIER SERIES® MACH 4060F OD, MACROLITE®/ACTIVATED CARBON",11232,Active,0,
AUX HEATING ELEMENT 1.5KW FOR MINI HEAT PUMP (APPLICABLE MODEL: 010600030058),CO-HF-01,Active,0,
TRANSFORMER FOR MINI HEAT PUMP (APPLICABLE MODEL: 010605000038),CO-HF-15,Active,0,
"(INACTIVE) SAFETY KIT - CEV",,Inactive,0,
MERU MP200 HFM - 9KW WRAPED BASIC,COMP-006925,Active,0,
MERU 66G VFM - 9KW,COMP-004946,Active,0,
"(INACTIVE) SAFETY KIT - PTV, 3/4'' X 1/2''",,Active,0,
"SUMMER 66G/300L VFM- FORCED CIRCULATION, 3KW",COMP-004845,Active,0,
"SUMMER 40G VFM - FORCED CIRCULATION, 3KW",COMP-003663,Active,0,
"ARMOURED CABLE - STEEL, 600V/1KV, 3 CORE, 2.5MM2",S-PART-000412,Active,700,
VALVE MODULE KINETICO 2030F OD,12661,Active,0,
"COLD PIPE J – 450L/66G, SM, COPPER, HALF HARD R250, OD22MM X T0.9MM",T-0273,Active,0,
"HOT PIPE J – 450L/66G, SM, COPPER, HALF HARD R250, OD22MM X T0.9MM",T-0274,Active,0,
SUMMER 25E HWM-L - 3KW WRAPED BASIC,COMP-006210,Active,0,
SUMMER 34E HWM-R - 3KW WRAP BASIC,COMP-007760,Active,0,
SUMMER 34E HWM-L - 3KW WRAP BASIC,COMP-007756,Active,0,
SUMMER 38E HCM - 3KW WRAPED BASIC,COMP-006380,Active,0,
SUMMER 38E HWM-R - 3KW WRAPED BASIC,COMP-006384,Active,0,
SUMMER 38E HWM-L - 3KW WRAPED BASIC,COMP-006388,Active,0,
SUMMER 45E HWM-L - 3KW WRAPED BASIC,COMP-007718,Active,0,
SUMMER 55E HWM-R - 3KW WRAPED BASIC,COMP-006511,Active,0,
SUMMER 68E HWM-R - 3KW WRAPED BASIC,COMP-006607,Active,0,
SUMMER 68E HWM-L - 3KW WRAPED BASIC,COMP-006639,Active,0,
SUMMER 90E HCM - 3KW WRAP BASIC,COMP-007217,Active,0,
SUMMER 90E HWM-R - 3KW CARTON BASIC,COMP-007345,Active,0,
SUMMER 90E HWM-L - 3KW CARTON BASIC,COMP-007473,Active,0,
"CALORIFIER CLAMP – AL, 70MM",SMFG-000070,Active,0,
"COLLECTOR CLAMP – AL, 56MM",SMFG-000071,Active,0,
COLLECTOR STRAP 180/300L,SMFG-000069,Active,0,
SUMMER® 300L CE SOLAR WATER HEATER,COMP-008038,Active,0,
SUMMER® 180L CE SOLAR WATER HEATER,COMP-008049,Active,0,
"PRESSURE RELIEF VALVE – 80KPA, 10KW, 1/4”",PART-000183,Active,0,
KINETICO CP213F OD - ACTIVATED CARBON,11244A,Active,0,
Test - Appliance A,Appliance-001,Active,10,
Test - Appliance B,Appliance - 002,Active,4,
"(INACTIVE) MERU MP90 HWM – 3KW WRAPPED PTV",COMP-007349,Inactive,0,
"SOLAR COLLECTOR L - MATT BLACK, 1938MM, BRAND SOLAR: SUMMER®-S",COMP-S-000020,Active,0,0
"PARTS KIT SL – 300L / 66G, 3/4”,  2 COLLECTORS, SM, PACKAGING – SOLAR: CARTON",COMP-002948,Active,0,
SUMMER 800L / 176G VFM - 9KW BASIC,COMP-000076,Active,0,
"PARTS KIT EC – 300L/66G, 3/4”, 2 COLLECTORS, SM, CARTON",COMP-005618,Active,0,
"CARTON – MERU, 90L/20G, T480MM X W480MM X L1020MM",PKG-000014,Active,0,
SUMMER 125E HWM - 9KW CARTON PTV,COMP-005812,Active,0,
"BMI 450L SOLAR WATER HEATER - DIRECT OC[GVAL 0.45MM], IT[SS304 1.5MM]",COMP-005669,Active,0,
440G OPEN WATER STORAGE TANK - VFM,COMP-003769,Active,0,
"CARTON – 450L/100G, T515MM X W515MM X L3370MM",PKG-000022,Active,0,
SUMMER 90E HFM - 3KW WRAP MAX,COMP-007030,Active,0,
SUMMER 300L / 66G VFM - 9KW,COMP-004964,Active,0,
SUMMER 135E HFM - 9KW WRAPED PTV,COMP-005972,Active,0,
"QUAD RING,125 PISTON",1550,Active,,
"DIST,ASY,30"" HUB&LAT,CH10848",10997,Active,,
"EXTERNAL POWER,EURO VERSION",12129,Active,,
"DIST,ASY,24""HUB&LAT,#5667",68363,Active,,
"DIST,ASY,36""HUB&LAT,#10849",68364,Active,,
L-1 ASY-2060F OD UT+L2,11210A,Active,,
"Brine Drum Kinetico 2060s, 4060s",7938A,Active,,
"BASE,MAIN-STD,CHECK STEM",8651D,Active,,
SUMMER 200E HFM - 3KW CARTON BASIC,COMP-006920,Active,,
SUMMER® SOLAR 300 STANDARD INSTALL KIT,COMP-000016,Active,0,
SUMMER® SOLAR 180 STANDARD INSTALL KIT,COMP-000085,Active,0,
SUMMER® SOLAR 450 STANDARD INSTALL KIT,COMP-000401,Active,0,
SUMMER® SOLAR ELECTRICAL CARE KIT,COMP-000403,Active,0,
Kinetico CP213F OD - Activated Carbon Complete System (Retail),KS-0001,Active,0,
Kinetico CP213F OD - Macrolite® Complete System (Retail),KS-0002,Active,0,
"Kinetico Premier Series® MACH 2100f OD, Macrolite® Complete System (Retail)",KS-0005,Active,0,
"Kinetico Premier Series® MACH 4060f OVERDRIVE®, Macrolite®/Activated Carbon Complete System (Retail)",KS-0006,Active,0,
SUMMER® 450SX Solar Hot Water Complete System (Retail),SOL-013,Active,0,
SUMMER® Choice 300 Solar Hot Water Complete System (Retail),SOL-011,Active,0,
SUMMER® SOLAR TOTAL CARE KIT,COMP-000402,Active,0,
Kinetico Premier Series® MACH 2100s OD,11128,Active,,
SUMMER 100E HFM - 3KW WRAPED BASIC,COMP-005718,Active,0,
SUMMER 100E HCM-R - 3KW WRAPED BASIC,COMP-007973,Active,0,
SUMMER 100E HWM-R - 3KW WRAPED BASIC,COMP-007969,Active,0,
SUMMER 150E HFM-R,COMP-000335,Active,0,
SUMMER 200E HFM-R - 3KW WRAPED BASIC,COMP-006155,Active,,
SUMMER 300E HFM-R,COMP-000339,Active,0,
"(INACTIVE) SUMMER E - Custom Size",COMP-WHC,Inactive,,
"(INACTIVE) SUMMER 180SM-C",COMP-000341,Inactive,,
"(INACTIVE) SUMMER 300SM-C",COMP-000342,Inactive,,
"(INACTIVE) SUMMER 180SM-T",COMP-000343,Inactive,,
"(INACTIVE) SUMMER 300SM-T",COMP-000344,Inactive,,
"(INACTIVE) SUMMER 180SX",SOL-002,Inactive,,
"(INACTIVE) SUMMER 180TX",SOL-003,Inactive,,
SUMMER 180GX,SOL-004,Active,,
"(INACTIVE) SUMMER 300SX",SOL-006,Inactive,,
"(INACTIVE) SUMMER 300TX",SOL-007,Inactive,,
SUMMER 300GX,SOL-008,Active,,
Solar Collector SUMMER - GX-20,S-COMP-000408,Active,,
Solar Collector SUMMER - GX-30,S-COMP-000409,Active,,
System Kit SUMMER GX - 180,COMP-000353,Active,0,
System Kit SUMMER GX - 300,COMP-000354,Active,,
System Kit SUMMER TX - 180,COMP-000355,Active,,
System Kit SUMMER TX - 300,COMP-000356,Active,,
"Installation Kit SUMMER GX - 180, Standard",COMP-000361,Active,,
"Installation Kit SUMMER GX - 180, Flat",COMP-000362,Active,,
"Installation Kit SUMMER GX - 300, Standard",COMP-000363,Active,,
"Installation Kit SUMMER GX - 300, Flat",COMP-000364,Active,,
"(INACTIVE) Heating Element - 3kW SS321",PURC-000015,Inactive,,
"(INACTIVE) Pressure Temperature Valve - 850kPA",PURC-000022,Inactive,,
"(INACTIVE) Isolation Barrier - 110~220VAC",PURC-000017,Inactive,,
"Kinetico Premier Series® MACH 4060s OD, Activated Carbon",11215,Active,,
"Kinetico MACH Prefilter 10"" NORYL (Indoor) 5Micron",KPRE-001,Active,,
"Kinetico MACH Prefilter 16"" NORYL (Indoor) 5Micron",KPRE-002,Active,,
KINETICO MEDIA - Macrolite® - 2100,FMED-003,Active,,
KINETICO MEDIA - Macrolite® - 4060,FMED-004,Active,,
Kinetico Premier Series® MACH 2030f OD (Empty),13963,Active,,
Kinetico Premier Series® MACH 2060f OD (Empty),11206,Active,,
Kinetico Premier Series® MACH 2100f OD (Empty),11134A,Active,,
Tank Connector Kit Kinetico 2030,14661,Active,0,
Tank Connector Kit Kinetico 2060/4060,14699,Active,0,
Tank Connector Kit Kinetico 2100,11029A,Active,0,
Valve Module Kinetico 2060S OD,11203,Active,,
Valve Module Kinetico 4060F OD MAC/AC,11224,Active,,
Valve Module Kinetico 2030-2060S,S882030,Active,,
Valve Module Kinetico 2100S,11131,Active,0,
"Kinetico CP213S OD (Filled, no Brine Tank)",11190DK,Active,,
Valve Module Kinetico CP213F,11264,Active,0,
Valve Module Kinetico CP213S,11156,Active,0,
Cartridge Kinetico Chloramine Guard K5 Drinking Water Station®,13766,Active,,
Drinking Water Faucet Kinetico - Chrome,11450B,Active,,
Installation Kit Kinetico DWS,DINS-001,Active,,
Installation Kit Kinetico MACguard® 7500 VOC/Lead,14938A,Active,,
Storage Tank Kinetico QuickFlo 3 Gallons,9496,Active,,
Storage Tank Kinetico Air Charge 10 Gallons,4461,Active,,
"(INACTIVE) Boiler Installation (POU)",BCGS-001,Inactive,,
"(INACTIVE) Boiler Installation (Central)",BCGS-002,Inactive,,
"(INACTIVE) Repositioning Boiler (Same Day)",BCGS-004,Inactive,,
"(INACTIVE) Relocating Boiler",BCGS-005,Inactive,,
"(INACTIVE) POE Water Treatment Installation",BCGS-006,Inactive,,
"(INACTIVE) POU Water Treatment Installation",BCGS-007,Inactive,,
"(INACTIVE) Repositioning POE Water Treatment (Same Day)",BCGS-008,Inactive,,
"(INACTIVE) Repositioning POU Water Treatment (Same Day)",BCGS-009,Inactive,,
"(INACTIVE) Relocating POE Water Treatment",BCGS-010,Inactive,,
"(INACTIVE) Relocating POU Water Treatment",BCGS-011,Inactive,,
"(INACTIVE) Basic Water Test - Chlorine/pH/Hardness/Iron",BCHC-001,Inactive,,
KINETICO MEDIA - Macrolite® - Top Up,FMED-005,Active,,
Cartridge Kinetico Purefecta/VOC Set K5,DCAR-002,Active,,
"(INACTIVE) General Work",BCGS-015,Inactive,,
"(INACTIVE) Boiler Dismantling",BCGS-016,Inactive,,
"(INACTIVE) POE Water Treatment Dismantling",BCGS-018,Inactive,,
"(INACTIVE) POU Water Treatment Dismantling",BCGS-019,Inactive,,
"(INACTIVE) POU Water Treatment Cartridge Replacement",BCGS-020,Inactive,,
POU Water Treatment Cartridge Courier - 1.3kg Peninsular,BCGS-021,Inactive,,
POU Water Treatment Cartridge Courier - 1.3kg Sabah/Sarawak,BCGS-022,Inactive,,
POU Water Treatment Cartridge Courier - 2.4kg Peninsular,BCGS-023,Inactive,,
POU Water Treatment Cartridge Courier - 2.4kg Sabah/Sarawak,BCGS-024,Inactive,,
Valve Module Kinetico 2100F,11143,Active,0,
SUMMER Air Heatpump HF-15,COMP-000389,Active,,
SUMMER Air Heatpump HF-22,COMP-000390,Active,,
SUMMER Air Heatpump HF-30,COMP-000391,Active,0,
SUMMER Air Heatpump HF-45,COMP-000392,Active,,
SUMMER Air Heatpump HF-60,COMP-000393,Active,,
"Installation Kit SUMMER - 180, Metal Deck",COMP-000395,Active,,
"Installation Kit SUMMER - 300, Metal Deck",COMP-000398,Active,,
"Installation Kit SUMMER - 180, Cyclone",COMP-000394,Active,,
"Installation Kit SUMMER - 300, Cyclone",COMP-000397,Active,,
"Installation Kit SUMMER - 180, Raiser, Custom",COMP-000396,Active,,
"Installation Kit SUMMER - 300, Raiser, Custom",COMP-000399,Active,,
"(INACTIVE) Installation Kit SUMMER - Custom",COMP-000400,Inactive,,
"(INACTIVE) Heating Element - 3kW SS316",PURC-000229,Inactive,,
Calgon HP 2-50VS - 0.55kW,S-COMP-000047,Active,,
Calgon HP 4-50VS - 1.1kW,S-COMP-000048,Active,,
Calgon HP 8-40VS - 1.5kW,S-COMP-000049,Active,,
"(INACTIVE) 360° W.A.T.E.R. Assessment",BCHC-003,Inactive,,
"(INACTIVE) Solar Boiler Care Service - Standard Access",BCMS-001,Inactive,,
"(INACTIVE) Solar Boiler Care Service - Non-Standard Access",BCMS-002,Inactive,,
"(INACTIVE) Boiler Care Service - Standard Access",BCMS-003,Inactive,,
"(INACTIVE) Macrolite Filter Care Service - Standard Access",BCMS-004,Inactive,,
"(INACTIVE) K5 Filter Care Service - Standard Access, Pre/Post Base Cartridge",BCMS-005,Inactive,,
"(INACTIVE) Solar Boiler Care Kit - TX",BCMK-002,Inactive,,
"(INACTIVE) Boiler Care Kit - CEV",BCMK-003,Inactive,,
"(INACTIVE) Boiler Care Kit - Max",BCMK-004,Inactive,,
"(INACTIVE) Macrolite Filter Care Kit - 2030F, 2060F",BCMK-005,Inactive,,
"(INACTIVE) Macrolite Filter Care Kit - 2100F",BCMK-006,Inactive,,
"(INACTIVE) Solar Boiler Genuine Care Plan - Standard Access",BCCP-X01,Inactive,,
"(INACTIVE) Solar Boiler Genuine Care Plan - TX Standard Access",BCCP-X02,Inactive,,
"(INACTIVE) Macrolite Filter Genuine Care Plan - 2100F, Standard Access",BCCP-X03,Inactive,,
"(INACTIVE) K5 Filter Genuine Care Plan - Standard Access, Pre/Post Base Cartridge",BCCP-X04,Inactive,,
"(INACTIVE) Celebrate CNY 2020 18%",BCPR-001,Inactive,,
"(INACTIVE) Celebrate CNY 2020 28%",BCPR-002,Inactive,,
"Distribution Board - 125A, 3 Phase",PART-000350,Active,,
SUMMER® Red - Top Up,TPDP-001,Active,,
Summer® Solar Genuine Care Plan - 2+1,BCCP-001,Active,,
"(INACTIVE) Summer® Solar Genuine Care Plan - Total Care",BCCP-002,Inactive,,
Kinetico FC-550 Genuine Care Plan - 2+1,BCCP-003,Active,,
"(INACTIVE) SUMMER 300SM-CE",COMP-000369,Inactive,,
"(INACTIVE) SUMMER 300CE",SOL-009,Inactive,,
"(INACTIVE) SUMMER 180CE",SOL-010,Inactive,,
"(INACTIVE) SUMMER 180SM-CE",COMP-000368,Inactive,,
"(INACTIVE) Summer® Solar Genuine Care Plan - Extended Warranty",BCCP-004,Inactive,,
System Kit SUMMER S - 450,COMP-000357,Active,,
"BMG 150L SOLAR WATER HEATER DIRECT - OC[COLOURBOND SILVER], IT[SPCC, 2.5MM]",COMP-005634,Active,0,
"BMG 300L SOLAR WATER HEATER DIRECT - OC[COLOURBOND SILVER], IT[SPCC, 2.5MM]",COMP-D-000016 ,Active,0,
"BMG SOLAR COLLECTOR MATT BLACK - 1938MM, TRAYBOX: AL",COMP-008032,Active,0,
HEATING ELEMENT CE SET ROUND - 3kW (INCLUSIVE OF THERMAL LIMITER & THERMOSTAT),PART-000190,Active,0,
HEATFIRST AIR SOURCED HEATPUMP - 120kW,COMP-000818,Active,0,
"THERMOSTAT – KP79, SINGLE PHASE, 2KW, 0°C – 150°C",RAWM-000195,Active,0,
"Kinetico Elbow – Male 3/8T X 1/4NPT, MGA6ME4, PlusVX, QuickFlo, A200, K5",8551A,Active,0,
SUMMER 34E HCM - 3KW CARTON BASIC,COMP-007762,Active,1,
SUMMER 450GX,SOL-022,Active,0,
"CARTON – MERU, 38L/8.5G, T405MM X W395MM X L675MM",PKG-000025,Active,0,
Factory Custom Service,BCGS-034,Active,,
"INACTIVE Check Valve - Brass, 1/2"" BSP",PURC-000003,Inactive,,
WCI FACTORY CUSTOM SERVICE,IHSV-000002,Active,,
Distribution Board for Heat Pumps (General),T-0279,Active,0,
SUMMER 200E VFM -9KW CARTON BASIC,COMP-003783,Active,0,
"(INACTIVE) SUMMER 25E HCM-R",COMP-000317,Inactive,,
"(INACTIVE) SUMMER 25E HWM-R",COMP-000319,Inactive,,
"(INACTIVE) SUMMER 55E HCM-R",COMP-000321,Inactive,,
"(INACTIVE) SUMMER 55E HWM-R",COMP-000323,Inactive,,
"(INACTIVE) SUMMER 75E HCM-R",COMP-000325,Inactive,,
"(INACTIVE) SUMMER 75E HWM-R",COMP-000327,Inactive,,
"(INACTIVE) Calgon HP 4-40PC - 0.75kW",S-COMP-000045,Inactive,,
SUMMER 1139L / 250G VFM -9KW BASIC,COMP-002936,Active,0,
SUMMER 1139L / 250G VFM -9KW CIRCULATION BASIC,COMP-000207,Active,0,
FOREIGN STORAGE HEATER 50L OR SMALLER,T-0280,Active,0,
FOREIGN STORAGE HEATER 100L OR SMALLER,T-0281,Active,0,
FOREIGN STORAGE HEATER 150L OR SMALLER,T-0282,Active,0,
FOREIGN SOLAR HEATER 200L OR SMALLER,T-0283,Active,0,
FOREIGN SOLAR HEATER 300L OR SMALLER,T-0284,Active,0,
FOREIGN SOLAR HEATER 400L OR SMALLER,T-0285,Active,0,
SUMMER 1000L / 220G VFM -9KW BASIC,COMP-002784,Active,0,
SUMMER 500L / 132G VFM -9KW BASIC,COMP-000678,Active,0,
MERU MP135 HFM - 9KW WRAPPED BASIC,COMP-005978,Active,0,
Thermal Cut Off 3 Phase,,Active,,
Summer® SOLAR GENUINE CARE PLAN - DIRECT TOTAL 3 CARE SERVICES,BCCP-005,Active,0,
Summer® SOLAR GENUINE CARE PLAN - DIRECT TOTAL 2 CARE SERVICES,BCCP-006,Active,0,
Summer® SOLAR GENUINE CARE PLAN - INDIRECT TOTAL 4 CARE SERVICES,BCCP-008,Active,0,
Summer® SOLAR GENUINE CARE PLAN - INDIRECT TOTAL 3 CARE SERVICES,BCCP-009,Active,0,
Summer® SOLAR GENUINE CARE PLAN - INDIRECT TOTAL 2 CARE SERVICES,BCCP-010,Active,0,
Summer® SOLAR GENUINE CARE PLAN - INDIRECT TOTAL 1 CARE SERVICES,BCCP-011,Active,0,
MERU MP 2250L / 500G VFM - 27KW BASIC,COMP-000498,Active,0,
Valve Module Kinetico CP213S,S88213S,Active,,
"(INACTIVE)Cartridge Kinetico Membrane K5 Drinking Water Station®",12752,Inactive,,
Cartridge Kinetico QCM350+,200-0001-CART,Active,,
Cartridge Kinetico SMF IC600,200-0002-CART,Active,,
Cartridge Kinetico SMF IC614,200-0003-CART,Active,,
"CARTRIDGE KINETICO MACH Prefilter 10"" 5Micron Reusable",11827,Active,,
Basic W.A.T.E.R. Assessment,BCHC-002,Active,,
Valve Module Kinetico CP213F,KCSK-001,Active,,
"(Inactive) - KINETICO POE FILTER - CP213F, OD, CARBON, 10YR",,Inactive,,
COLD PIPE S – 180L/40G,S-PART-000527,Active,,
HOT PIPE S – 180L/40G,S-PART-000528,Active,,
"KINETICO HYDRUS MEDIA TANK - MULTIPLEX MEDIA TANK 30"" X 72"", MACROLITE, HF 130M",H12281,Active,0,
MERU MP 125 HCM - 9KW WRAP BASIC,COMP-005778,Active,0,
SUMMER 300L / 66G HFM - 9KW BASIC,COMP-004956,Active,0,
KINETICO MEDIA - Macrolite® - CP213,FMED-006,Active,,
ALUMINIUM BRACKET FOR CALGON PUMP,T-0288,Active,0,
"STICKER LOGO – SUMMER, 34.7” X 12""",PART-000077,Active,0,
SUMMER INS3.8 WHITE,700-IWH-003,Active,0,
SUMMER INS3.8 BLACK DC,700-IWH-002,Active,0,
"KINETICO QUAD RING,CON/DRAIN 1590(BLUE)",8187A,Active,0,
"KINETICO VALVE,BALL 90 3/8""Tx3/8""STEM",11667,Active,0,
BRASS BUSH - 22MM X 15MM,PART-000199,Active,0,
MERU MP136 VFM - 9KW WRAPPED PTV,COMP-D-002699-136-VFM,Active,0,
SUMMER 600L / 132G VFM - 9KW BASIC,TEMP-001,Active,0,
SUMMER 600L / 132G VFM - 18KW BASIC,TEMP-002,Active,0,
MERU MP135 HFM - 9KW WRAPPED PTV,COMP-005976,Active,0,
MERU MP136 VFM - SS316 9KW WRAPPED PTV,COMP-D-002699-136-VFM-SS316,Active,0,
KINETICO PREMIER SERIES® MACH 4060 F TOTAL CARE KIT,KCSK-006,Active,0,
"CARTON – SUMMER, 450L/100G, T515MM X W515MM X L3370MM",PKG-000019,Active,0,
SUMMER 2250L / 500G HFM - 9KW BASIC,COMP-006306,Active,0,
SUMMER 2250L / 500G HFM - 18KW BASIC,COMP-006322,Active,0,
"[SN] MP55 Electric Heater - [Outdoor]",COMP-006535,Active,0,
"SUMMER AIR SOURCE ALL IN ONE HEAT PUMP, 300L, HFM",TEMP-003,Active,0,
"SUMMER 300E BASIC - 3KW, VFM, WRAPPED, WEATHER",COMP-004912,Active,0,
FILTER MEDIA – GREENSAND,T-0289,Active,0,
KINETICO CP213F OD - EMPTY,11289,Active,0,
"KINETICO HYDRUS MEDIA TANK - MULTIPLEX MEDIA TANK 42"" X 72"", MACROLITE, HF 142M",H12333,Active,0,
KINETICO HYDRUS MEDIA TANK - MULTIPLEX MEDIA TANK,H12280,Active,0,
KINETICO CP213F OD - GREENSAND,T-0290,Active,0,
MERU MP136 HFM - 9KW SS316 CARTON PTV,COMP-D-002699-HFM-SS316,Active,0,
SUMMER  2650L / 700G VFM - 9KW,COMP-002472,Active,0,
SUMMER 3636L / 800G VFM - 9KW,COMP-002545,Active,0,
"STOP COCK 2""/50MM",T-0293,Active,0,
"STOP COCK 3""/80MM",T-0294,Active,0,
MERU MP15 HWM-L - 3KW SS316 WRAPED CEV,COMP-000584,Active,0,0
"Angle Bar Mild Steel 2"" X 2"", 3MM X 4FT LENGTH",T-0307,Active,0,
"SS REDUCING NIPPLE 50MM X 40MM / 2"" X 1 1/2""",T-0310,Active,0,
"EXTRUSION – AL ALLOY, 6063-T5, SECTION 18126 X L5030MM",RAWM-000034,Active,0,
SS UNION 80MM,T-0315,Active,0,
BRASS GATE VALVE 80MM,T-0316,Active,0,
PPR REDUCING SOCKET 75MM X 63MM,T-0317,Active,0,
"PPR THREADED MALE ADAPTOR 75MM X 2 1/2""",T-0318,Active,0,
SS HEXAGON BUSH 80MM X 65MM,T-0320,Active,0,
PPR PIPE 032MM X 4M,T-0321,Active,0,
SS UNION 40MM,T-0322,Active,0,
"SS NIPPLE 1.5"" / 40MM",T-0323,Active,0,
"BRASS GATE VALVE 1.5"" / 40MM",T-0324,Active,0,
SS HEXAGON BUSH 50MM X 25MM,T-0325,Active,0,
SS HEXAGON BUSH 25MM X 15MM,T-0326,Active,0,
APPLIANCES DECOMMISSIONING SERVICE,BCGS-038,Active,,
SS HEXAGON BUSH 40MM X 25MM,T-0327,Active,0,
PVC Solvent Cement,T-0328,Active,0,
"Copper Compression Coupling 28 MM x 1"" C xMI",T-0330,Active,0,
"Copper Compression Elbow 28 MM x 1"" C xMI",T-0331,Active,0,
MERU MP90 HWM - 3KW SS316 WRAPED BASIC,COMP-002826,Active,0,5
GRUNDFOS UPA 120 - Head 8m,99553568,Active,0,
SWITCH SOCKET 13A WEATHERPROOF,T-0334,Active,0,0
"WIRE CASING SQUARE PVC 1.5"" x 1'",T-0335,Active,0,0
COPPER TUBING CUTTER 3-28 MM,T-0336,Active,0,0
SUMMER 200E HCM - 3KW WRAPED BASIC,COMP-002830,Active,0,
PPR Union 63MM,MISC-F,Active,0,
"STICKER LOGO - MERU, ORANGE TISSUE T1, W2"" X L4""",PART-000023,Active,0,
KINETICO DWS Plus Deluxe VX (OUTDATED),9353F,Active,0,
THERMOSTAT KNOB – 30-85°C,RAWM-000027,Active,0,
SUMMER 180L CONCEAL TANK TRAY,T-0346,Active,0,
"TSUNAMI MUS-400 SUBMERSIBLE PUMP, 0.4kW",TSUNAMI MUS-400,Active,0,
"CARTON – MERU, 75L",PKG-000029,Active,0,
BATTERY 12V 100AH,6-CNJ-100,Active,0,
BATTERY 12V 200AH,6-CNJ-200,Active,0,
RUBBER FLEXIBLE UNION JOINT 50MM,T-0347,Active,0,
PINGALAX PACA EV CHARGER - 7KW,J5JEU7/230,Active,0,
PINGALAX PACA EV CHARGER - 11KW,J5JEU11/230,Active,0,
PINGALAX PACA EV CHARGER - 22KW,J5JEU22/230,Active,0,
Courier - Sabah/Sarawak,BCGS-040,Active,,
Courier - Singapore,BCGS-041,Active,,
"TERMINAL BLOCK SET – ZNAL, 3PHASE",SMFG-000008,Active,,
PILOT LIGHT SET – 440V,SMFG-000025,Active,,
"THERMOSTAT SET – 3P, 415VAC, 30°C-75",SMFG-000002,Active,,
MERU 88G VFM 9KW,COMP-005400,Active,0,
AVENTURA POE FILTER - 3072,T-0348,Active,0,
MERU MP 150 HFM - 3KW PTV,COMP-006134,Active,0,
MERU MP 125 HFM - 3KW WRAP PTV,COMP-005856,Active,0,
SPRING SCALE 10kg,T-0349,Active,,
"PU PLUG – BLACK, RUBBER",PART-000035,Active,0,
HEADLIGHT SATA MULTI-FUNCTION,90902,Active,,
"PIPE - PVC, GREY, 50MM, 5.8M",T-0339,Active,0,
PVC TEE 50MM,T-0340,Active,0,
PVC ELBOW 50MM,T-0341,Active,0,
PVC DOUBLE UNION BALL 50MM,T-0350,Active,0,
"ESTEEL STORAGE TANK 1500L, VRB WITH STAND",E1500S,Active,0,
"SHEET METAL – ZNAL, T0.45MM X W1219MM X L2266MM",RAWM-000078,Active,,
"KINETICO MEDIA – GRANULE ACTIVATED CARBON, 2100F",T-0352,Active,0,
"KINETICO MEDIA – GRANULE ACTIVATED CARBON, 4060F",T-0353,Active,0,
"PIPE WRENCH 9"" G-TYPE",T-0354,Active,1,0
"ADJUSTABLE WRENCH 12""",T-0355,Active,3,0
"ADJUSTABLE WRENCH 15""",T-0356,Active,0,0
COMBI SPANNER 13MM,T-0357,Active,3,0
"PARTS KIT S – 180L / 40G, 3/4”, 1 COLLECTORS",COMP-005625,Active,0,0
COMBI SPANNER 14MM,T-0358,Active,0,0
COMBI SPANNER 15MM,T-0359,Active,1,0
COMBI SPANNER 21MM,T-0360,Active,0,0
COMBI SPANNER 24MM,T-0361,Active,0,0
COMBI SPANNER 25MM,T-0362,Active,0,0
COMBI SPANNER 32MM,T-0363,Active,0,0
STAINLESS STEEL PIPE CUTTER 0-42MM,T-0364,Active,5,0
FLAT SCREWDRIVER LONG,T-0366,Active,1,0
PHILIPS SCREWDRIVER LONG,T-0367,Active,0,0
T SPANNER 10MM,T-0368,Active,2,0
T SPANNER 13MM,T-0369,Active,2,0
FLEXIBLE COMBI SOCKET WRENCH 13MM,T-0370,Active,0,0
FLEXIBLE COMBI SOCKET WRENCH 15MM,T-0371,Active,0,0
COMBINATION RACHET 13MM,T-0372,Active,0,0
COMBINATION RACHET 15MM,T-0373,Active,0,0
MEASURING TAPE 5M,T-0374,Active,0,0
MEASURING TAPE 10M,T-0375,Active,2,0
"WIRE CUTTER 8""",T-0376,Active,3,0
TAPING (THREAD MAKER) 13MM,T-0377,Active,0,0
HAMMER STANDARD,T-0378,Active,2,0
"JAB SAW 12""",T-0379,Active,3,0
"AVIATION SNIPPER 6"" GERMAN-TYPE",T-0380,Active,3,0
NUT SETTER 8MM,T-0381,Active,3,0
"NUT SETTER ¼ """,T-0382,Active,2,0
CONCRETE CHISEL 250MM X 17MM,T-0383,Active,0,0
DIAMOND CUTTER 18MM,T-0384,Active,0,0
DIAMOND CUTTER 28MM,T-0385,Active,0,0
CORDLESS GRINDING MACHINE,T-0386,Active,5,0
CORDLESS DRILL,T-0387,Active,5,0
"ELTON HEATING ELEMENT OPENER 1¼""",T-0389,Active,0,0
"JOVEN HEATING ELEMENT OPENER 1¼""",T-0390,Active,0,0
"PECOL HEATING ELEMEN OPENER 2¼""",T-0391,Active,0,0
PPR WELDING MACHINE,T-0392,Active,3,0
HOLE SAW DRILL BIT 16MM,T-0393,Active,1,0
WOOD DRILL BIT ASPHALT,T-0394,Active,2,0
DRAIN HOSE 13MM X 3M,T-0395,Active,5,0
PHILLIPS SCREWDRIVER STUBBY,T-0396,Active,1,0
PLIERS LONG NOSE,T-0397,Active,0,0
FIRST AID KIT MINI/PORTABLE,T-0399,Active,7,0
EXTENSION LADDER 10F HEAVY DUTY,T-400,Active,7,0
A LADDER DOUBLE SIDE 5 STEPS,T-402,Active,5,0
A LADDER 7 STEPS,T-403,Active,4,0
PRESSURE WASHER,T-404,Active,0,0
"SILICON SEALANT - NEUTRAL CURE, CLEAR",PART-000056,Active,2,0
CAULKING GUN,T-406,Active,2,0
DESKTOP BROOM WITH DUSTPAN,T-407,Active,0,0
WATER WIPER,T-408,Active,0,0
TRASH BAG HEAVY DUTY 10S,T-409,Active,0,0
HARD NYLON BROOM,T-410,Active,0,0
WD40 LUBRICANT,T-411,Active,0,0
MICROFIBER CLOTH,T-412,Active,0,0
CHAMOIS CLOTH,T-413,Active,0,0
ELECTRICAL TAPE,T-414,Active,0,0
PTFE TEFLON TAPE,T-415,Active,0,0
PAIL SMALL,T-416,Active,0,0
PERMANENT MARKER PEN BLUE,T-417,Active,0,0
PERMANENT MARKER PEN BLACK,T-418,Active,0,0
WATER T&C KIT,T-419,Active,4,0
DIGITAL MULTIMETER WITH TEMPERATURE MEASURE,T-420,Active,3,0
TOOLS BAG 20 INCH,T-421,Active,2,0
POE FILTER CLEANING BRUSH,T-422,Active,0,0
PVC CANVAS 3M X 3M,T-423,Active,0,0
SERVICE KITS TOOLBOX,T-424,Active,0,0
EXTENSION LADDER 30F HEAVY DUTY,T-401,Active,7,0
CARTON – 180L/40G,PKG-000008,Active,0,
KINETICO MEDIA – RESIN,13672,Active,0,
KINETICO GEARS - Meter Turbine Retainer,7859,Active,0,
"THROAT,VENTURI CLEAR $",2379,Active,0,
Wooden Crate,IHSV-000004,Active,0,
"KINETICO PISTON PART - Main Valve Piston, CP213",17398,Active,0,
MERU 1350L / 300G VFM - 18KW PTV,COMP-008051,Active,0,
SUMMER 34E HCM - 3KW CARTON CEV,COMP-D-000490,Active,0,
PV BRACKET – T3MM X W30MM X H90MM,SMFG-000375,Active,0,
Y WRENCH 11/13/15,T-426,Active,1,
"POLY THREADED MALE SOCKET 1/2""",T-427,Active,0,
"POLY THREADED FEMALE SOCKET 1/2""",T-428,Active,0,
"PORTABLE GAS - ARGON, 1.4M3, REFILL",CSMB-000211,Active,0,
"RIVET BLIND – AL, 5/32'' X ½''",PART-000029,Active,0,
"WELD ELECTRODE – TUNGSTEN, 2.4 X 150MM",CSMB-000276,Active,0,
"COLLECTOR RAIL – 180L / 40G, AL, EXTRA LONG",SMFG-000376,Active,0,
HE Extractor,T-429,Active,5,
PV BRACKET – T3MM X W30MM X H50MM,SMFG-000378,Active,0,
"SUMMER® 300L CE SOLAR WATER HEATER, SILVER",COMP-008053,Active,0,
SUMMER 150E HFM 3KW WRAPPED BASIC,COMP-006133,Active,0,
"Tubing, 1/4"" x10'",8554A,Active,0,
"Valve, Ball-Elbow, 1/4"" Tube x 3/8"" Stem",15792,Active,0,
"Elbow, 1/4"" tube x 3/8"" Stem, V/L",15791,Active,0,
"PAINT – PRIMER & HARDENER, ICY BLUE, 1L/500ML",RAWM-000181,Active,0,
"PIPE – SS304, 3/4'' X T3MM X L3000MM",RAWM-000059,Active,0,
SIGHT GLASS SOLDER – 5/8”,PART-000123,Active,0,
THERMAL EXPANSION VALVE – R134A,PART-000173,Active,0,
VALVE BODY – 5/8” X 7/8”,PART-000175,Active,0,
"SOLENOID VALVE SOLDER – 5/8”, EVR 15, 032L-1228",PART-000172,Active,0,
SUMMER 1000G VFM - 18KW BASIC,COMP-000643,Active,0,
MERU MP-200G (200Gal / 908litres),COMP-008055,Active,0,
"STEEL BRICKLAYING TROWEL 5""",T-446,Active,0,
MANILA ROPE 32MM/KG,T-451,Active,0,
Schneider LC1E-09 3 Pole 240V Contactor,T-452,Active,0,
Schneider LRE-07 (1.6-2.4) Overload,T-453,Active,0,
MERU MP200 HCM - 9KW WRAPPED BASIC,COMP-008057,Active,0,
SUMMER 90E VFM -3KW CARTON BASIC,COMP-008059,Active,0,
HAGER 24H Timer Switch EHN711,T-454,Active,0,
Maltec-H Screw Plug Immersion Heater,Heater-380v-9kw,Active,0,
BUTELINE PE CLAMP,T-460,Active,0,
"ESTEEL STORAGE TANK 2300L, VRB WITH STAND",E2300S,Active,0,
CHECK VALVE 1'' BSP,PART- 000092,Active,,
KINETICO MEDIA - Macrolite® - 2030,FMED-001,Active,,
SCROLL COMPRESSOR – 15.8HP,PART-000167,Active,0,
Calgon HP 2-30PC - 0.37kW,T-0240,Active,1,
SUMMER 800L / 176G VFM - 9KW BASIC,COMP-D-002670,Active,0,
"Collector Plug - Brass, 3/4"" BSP",PURC-000008,Active,,
"Solar Boiler Care Kit - CX, SX, GX",BCMK-001,Active,,
"THERMOSTAT – 1P, 240VAC, 50HZ, 30°C-75°C",RAWM-000124,Active,0,
"TURBINE 6-STK,METER DBL NZL",7855A,Active,299,
"CONTACTOR – SCHNEIDER EASYPACT TVS, 3 POLES, 18A, 7.5KW, 240V",,Inactive,0,
ALUMINIUM FOIL - ROLL,,Inactive,0,
"CIRCULATING PUMP – WILO, 200V/50HZ",PART-000139,Active,0,
HEAT EXCHANGER 10HP,SMFG-000183,Active,0,
Roof Tile Paint Toffee Colour,PJOJTROOF05-C,Active,,
"NIPPLE FITTING – SS304, 1/2''",PART-000059,Active,0,
PVC REDUCER TEE 25MM X 15MM,,Inactive,0,
"PIPE – COPPER, HALF HARD R250, L4890MM",RAWM-000056,Active,0,
"SOLAR CONTROLLER – RESOL DELTASOL, CS/2",PART-000211,Active,0,
"75G Calorifier - EG, 1.5MM, SS304, 2.0MM (VFM)",COMP-008065,Active,0,
"PRESSURE LIMITING VALVE – 350KPA, 3/4"", MALE",PART-000201,Active,0,
"UNDER VOLTAGE MONITORING RELAY – ENTES, DGRC-01, 230V, 3PH",,Inactive,0,
"PIPE – SS304, OD22MM X T0.7MM X L4830MM",RAWM-000241,Active,0,
MERU MP136 VFM - 3 X #KW SS316 WRAPPED PTV,COMP-008066,Active,0,
KINETICO PREMIER SERIES® MACH CP213F TOTAL CARE KIT,KCSK-004,Active,0,
Solar Water Heater Switch Sticker,SWHSS,Active,,
"ESTEEL STORAGE TANK 2000L/440G, VRB WITH STAND",Model e2000S - ESTEEL,Active,0,
"(INACTIVE) SUMMER 300CX",SOL-005,Inactive,,
"(INACTIVE) Solar Boiler Dismantling (Roof)",BCGS-017,Inactive,,
"(INACTIVE) INSTALLATION KIT SUMMER - 300, STANDARD",(INACTIVE)COMP-000016,Inactive,0,
"(INACTIVE) SUMMER 180CX",SOL-001,Inactive,,
"(INACTIVE) Solar Boiler Installation (Roof)",BCGS-003,Inactive,,
System Kit SUMMER S - 180,COMP-000351,Active,,
System Kit SUMMER S - 300,COMP-000352,Active,,
MERU MP90 HWM-L - 9KW WRAPED BASIC,COMP-007545,Active,0,0
"KINETICO MEDIA TANK - 10X54 UI, 2100",13416,Active,10,
300L Air Source Mini Heat Pump (SUMMER-A),COMP-003249,Active,0,
SUMMER 55E HCM - 3KW CARTON CEV,COMP-006477,Active,0,
APPLIANCE RELOCATION SERVICE,BCGS-029,Active,,
"FLOAT VALVE - BRASS, 1/2""",T-448,Active,0,
"KINETICO MEDIA TANK - 13X54 UI, CP213",13417,Active,6,
SUMMER 25E HWM-R - 3KW WRAPED BASIC,COMP-006203,Active,0,
COMMERCIAL APPLIANCE INSTALLATION SERVICE,CMGS-001,Active,,
HOT PIPE S – 300L/66G,S-PART-000233,Active,,
SUMMER® 300CE Solar Hot Water Complete System (Retail),SOL-020,Active,0,
THERMOSTAT - EGO 1PH,T-0234,Active,11,
SUMMER 75E HCM - 3KW CARTON BASIC,COMP-007183,Active,0,
SUMMER 75E HWM-R - 3KW WRAP BASIC,COMP-007185,Active,0,
"[SN] MP75 Electric Heater - [Outdoor]",COMP-007209,Active,0,
SUMMER 75E HWM-L - 3KW WRAP BASIC,COMP-007189,Active,0,
MERU MP75 HFM - 3KW CARTON CEV,COMP-008052,Active,0,
MERU MP135 HCM - 3KW WRAPED PTV,COMP-005921,Active,0,
MERU MP45 HWM-R - 3KW WRAPED BASIC,COMP-006414,Active,24,2
"PARTS KIT J – 180L / 40G, 3/4”, 1 COLLECTOR, SM PACKAGING – SOLAR: CARTON",COMP-K-000007,Active,4,
MERU MP115 HCM - WRAPED PTV,COMP-007956,Active,0,
MERU MP68 HWM-L – 3KW WRAPPED CEV,COMP-006641,Active,0,
MERU MP90 HCM - 3KW WRAPPED PTV,COMP-007213,Active,0,
MERU MP200 HFM - 3KW WRAPPED MAX,COMP-006148,Active,0,
MERU MP68 HWM - 3KW WRAPPED CEV,COMP-006609,Active,0,
"BMG SOLAR COLLECTOR MATT BLACK - 1938MM, TRAYBOX: ZNAL",COMP-008031,Active,0,
MERU MP100 HFM - 3KW WRAPED CEV Faris,COMP-005675,Active,0,
MERU MP60 HCM - 3KW CARTON CEV,COMP-002646,Active,0,
MERU MP68 HCM - 3KW SS316 WRAPPED PTV,COMP-006963,Active,0,0
"PARTS KIT S – 300L / 66G, 3/4”, 2 COLLECTORS",COMP-005629,Active,0,0
MERU MP45 HWM-L - 3KW CARTON CEV,COMP-006451,Active,0,
MERU MP38 HWM-R - 3KW WRAPED BASIC,COMP-006385,Active,22,
MERU MP45 HWM-L - 3KW WRAPED BASIC,COMP-007717,Active,3,
"SOLAR COLLECTOR - MATT BLACK, 1938MM BRAND – SOLAR: ESTEEL,MATERIAL – TRAYBOX: ZNAL",COMP-008027,Active,0,
MERU MP34 HCM - 3KW WRAPED PTV,COMP-006280,Active,0,
MERU MP25 HCM - 3KW WRAPED BASIC,COMP-006200,Active,0,2
MERU MP30 - 3KW CARTON CEV,COMP-007833,Active,0,
MERU MP200 HFM - 3KW WRAPED PTV,COMP-006147,Active,0,
SUMMER® 180SX Solar Hot Water Complete System (Retail),SOL-0015,Active,0,
MERU MP68 HFM - 9KW WRAPPED BASIC,COMP-006666,Active,0,
MERU MP200 HFM W/O DRAIN - 3KW WRAPED PTV,COMP-000373,Active,0,
SUMMER 125E HFM - 9KW CARTON PTV,COMP-005876,Active,0,
SUMMER 125E HCM - 3KW WRAP BASIC,COMP-D-005577,Active,0,
"MERU MP115 HWM-L - 3KW WRAPED BASIC, 1/2""",COMP-005746,Active,0,
"MP450 Electric Heater - Forced Circulation, MERU",COMP-008064,Active,0,0
MERU MP34 HCM - 3KW CARTON CEV,COMP-006281,Active,0,
MERU MP60 HCM - 3KW WRAPED BASIC,COMP-006556,Active,9,
MERU MP90 HWM-R - 3KW WRAPED BASIC,COMP-007353,Active,10,
"BMI 180L SOLAR WATER HEATER - DIRECT OC[GVAL, 0.45MM], IT[SS304,1.5MM]",COMP-005642,Active,0,
MERU MP68 HWM-R - 3KW WRAPPED BASIC,COMP-006615,Active,0,
MERU MP45 HCM - 3KW WRAPED PTV,COMP-006407,Active,0,
MERU MP135 HWM - 3KW WRAPPED PTV,COMP-005937,Active,0,
MERU MP38 HWM - 3KW CARTON CEV,COMP-006364,Active,0,
"MERU MP115 HWM - 3KW WRAPPED PTV, 3/4""",COMP-005726,Active,0,
SUMMER® 300SX Solar Hot Water Complete System (Retail),SOL-018,Active,0,
MERU MP15 HFM - 3KW CARTON CEV,COMP-002825,Active,0,0
MERU MP90 HCM - 3KW WRAPED FARIS,COMP-002859,Active,0,0
MERU MP90 HCM - 3KW WRAPED CEV,COMP-007219,Active,0,0
MERU MP34 VWM - 3KW CARTON CEV,COMP-006339,Active,0,
"MP25 ELECTRIC HEATER HWM, WRAP, MERU, BASIC",COMP-006204,Active,0,
MERU MP34 HWM-L - 3KW WRAPED BASIC,COMP-006285,Active,4,
MERU MP38 HWM-L - 3KW WRAPED BASIC,COMP-006389,Active,14,
MERU MP90 HFM - 3KW CARTON CEV,COMP-007009,Active,1,
MERU MP90 HWM-L - 3KW WRAPED BASIC,COMP-007481,Active,0,
MERU MP200 HWM-R - 3KW WRAPED BASIC,COMP-006928,Active,0,
"MERU MP115 HWM-R - 3KW WRAPED BASIC, 1/2""",COMP-007939,Active,0,
MERU MP30 HCM - 3KW WRAPED CEV FARIS,COMP-006239,Active,0,
MERU MP200 HFM - 3KW WRAPPED BASIC,COMP-006156,Active,0,
MERU MP90 HCM - 9KW WRAPED BASIC,COMP-007289,Active,30,5
MERU MP150 HFM W/O DRAIN - 3KW WRAPED CEV FARIS,COMP-000433,Active,0,
MERU MP68 HCM - 3KW WRAPPED CEV,COMP-006577,Active,0,
MERU MP135 HFM - 3KW WRAPPED BASIC,COMP-006002,Active,0,
"INSTALLATION KIT – 300L/60G, 2 COLLECTORS, METAL DECK RAISER",COMP-002946,Active,0,
"PARTS KIT S – 450L / 100G, 3/4”, 3 COLLECTORS, SM, NO CARTON",COMP-005633,Active,0,
Kinetico CP213F OD - Activated Carbon Complete System (Home Care),KSI-0001,Active,0,
"Kinetico Premier Series® MACH 2100f OD, Macrolite® Complete System (Home Care)",KSI-0005,Active,0,
SUMMER® 450SX Solar Hot Water System Complete System (Home Care),SOLI-013,Active,0,
SUMMER® 300CE Solar Hot Water System Complete System (Home Care),SOLI-020,Active,0,
"Kinetico Premier Series® MACH 4060f OVERDRIVE®, Macrolite®/Activated Carbon Complete System (Home Care)",KSI-0006,Active,0,
SUMMER® 450CX Solar Hot Water Complete System (Retail),SOL-012,Active,0,
SUMMER® 180TX Solar Hot Water System Complete System (Home Care),SOLI-016,Inactive,0,
SUMMER® 180CE Solar Hot Water Complete System (Retail),SOL-021,Inactive,0,
SUMMER® 180TX Solar Hot Water Complete System (Retail),SOL-016,Inactive,0,
SUMMER® 180CE Solar Hot Water System Complete System (Home Care),SOLI-021,Inactive,0,
SUMMER® Choice 300 Solar Hot Water System Complete System (Home Care),SOLI-011,Inactive,0,
Solar Collector SUMMER - TX,COMP-002942,Active,14,3
SUMMER 180L SOLAR WATER HEATER - INDIRECT,COMP-008045,Active,5,
SUMMER 400L SOLAR WATER HEATER - DIRECT,COMP-005668,Active,7,0
SUMMER® 300SX Solar Hot Water System Complete System (Home Care),SOLI-018,Active,0,
SUMMER® 180SX Solar Hot Water System Complete System (Home Care),SOLI-015,Active,0,
SUMMER® 300TX Solar Hot Water System Complete System (Home Care),SOLI-019,Active,0,
MERU MP45 HCM - 3KW CARTON CEV,COMP-006408,Active,0,
"COIL – SS304, JIS G4305, 2B, T1.5MM X W1219MM",RAWM-000003,Active,,
"MP150 -OD510MM,OC 0.45MM,IT 1.2MM VFM,1H,NC,3KW",COMP-008321,Active,0,
"COIL – SS304, JIS G4305, 2B, T1.5MM X W1524MM",RAWM-000005,Active,,
SUMMER 75E HFM - 3KW WRAP BASIC,COMP-008980,Active,0,
SUMMER 75E VFM-3KW CARTON BASIC (Weatherproof),COMP-008978,Active,0,
"THERMAL LIMITER - 1P, 240VAC, 50HZ, 82°C",S-PART-000227,Active,0,
Cartridge Kinetico Microcarbon/NanoFACT® FC-550,100-1003,Active,,
Storage Tank Kinetico Air Charge 3 Gallons,9344B,Active,,
SUMMER 25E HCM - 3KW WRAPED BASIC,COMP-006199,Active,8,
"Kinetico Premier Series® MACH 2030f OD, Macrolite® Complete System (Retail)",KS-0003,Active,0,
MERU MP34 HCM - 3KW WRAPED BASIC,COMP-006283,Active,22,2
"50G Calorifier - VFM, 9kW, Meru",COMP-008149,Active,0,
KINETICO PREMIER SERIES® MACH CP213F TOTAL CARE,KCS-004,Active,0,
MERU MP90 HCM - 3KW CARTON CEV,COMP-007235,Active,0,
K5 Filter Care Kit - Pre/Post Base Cartridge,BCMK-007,Active,,
COLD PIPE S – 300L/66G,S-PART-000232,Active,,
SUMMER® 300TX Solar Hot Water Complete System (Retail),SOL-019,Active,0,
MERU MP136 HFM - 3 X 3KW SS316 CARTON PTV,COMP-D-005830-SS316,Active,0,
CRANE RENTAL(7 TONNE),BCGS-036,Active,,
MERU MP38 HCM - 3KW WRAPPED CEV,COMP-006346,Active,0,
MERU MP136 HFM - 3 X 3KW SS316 WRAPPED PTV,COMP-006077,Active,0,
MERU MP150 VFM 3KW,COMP-003390,Active,0,
CABLE CLIP 18 MM,T-0003,Active,50,
Meru 300G Calorifier VFM 9 kW,COMP-008984,Active,0,
"VALVES – V06 1"" - 1/2"", 8168031",PART-000220,Active,0,
MERU MP38 HFM - 3KW WRAPPED PTV,COMP-008067,Active,0,
SUMMER 90E HCM - 3KW CARTON BASIC,COMP-007233,Active,0,
SUMMER® SOLAR 450 FLAT INSTALL KIT,COMP-000406,Active,0,
SUMMER® SOLAR 180 FLAT INSTALL KIT,COMP-000358,Active,0,
MERU MP38 HCM - 3KW WRAPED BASIC,COMP-006381,Active,21,3
"ESTEEL STORAGE TANK 1350L/300G, VRB WITH STAND",e1350S,Active,0,
GX MANIFOLD - 30,S-COMP-000150,Active,0,
MP25 HCM - 3KW WRAPPED CEV,COMP-006178,Active,0,
MERU MP75 HFM - 3KW WRAPPED BASIC,COMP-008056,Active,0,
MERU MP150 VFM 9KW,COMP-002874,Active,0,
"Meru MP115 HCM, 1H, Non Coating",COMP-008983,Active,0,
"PARTS KIT J – 300L/66G, 3/4”, 2 COLLECTORS, SM PACKAGING – SOLAR: CARTON",COMP-005622,Active,0,
AVENTURA POE FILTER - 844,T-0245,Active,90,
"PPR SOCKET 25MM/ 3/4""",T-0013,Active,30,
BALL COCK 25MM,T-0019,Active,27,
"PVC TEE 3/4""",T-0036,Active,73,
"SS REDUCER SOCKET 1 1/4"" X 3/4""",T-0006,Active,70,
"BRASS REDUCER ELBOW 3/4"" X 1/2""",T-0081,Active,10,
"BRASS ELBOW 3/4""",T-0120,Active,10,
"BRASS THREADED FEMALE SOCKET 3/4""",PURC-000159,Active,158,
"BRASS THREADED MALE ELBOW 3/4""",T-0129,Active,130,
BRASS THREADED FEMALE ELBOW 1/2'',T-0191,Active,"1,000",
"CABLE WIRE - FLEXIBLE PVC, GREY, 300/500V, 3 CORE, 2.5MM2 X L2M",T-0001,Active,8,
HEATING ELEMENT INCOLOY 3KW OLD WHITE WIRE,T-0232,Active,14,
HEATING ELEMENT – 3KW EGO,S-PART-000311,Active,13,
"CALORIFIER STRAP – SS304, T0.9MM X W30MM X L633MM",SMFG-000073,Active,"1,789",
KINETICO CAP AREA PARTS - ECCENTRIC PIN,1520,Active,542,
KINETICO GEARS - GEAR #6,1527,Active,700,
"KINETICO VALVE - PURGE VALVE HEAD, 0-RING, 2030, 2060, 2100, 4060, CP213",8656,Active,464,
KINETICO CAP AREA PARTS - REGENERATION DRIVE PAWL,5511,Active,609,
"KINETICO, GEAR, TURBINE 10, REGEN",1671A,Active,99,
"KINETICO VALVE PARTS - CONTROL DISC, TAN, LAPD & UT, PARA-FLO",5565,Active,31,
KINETICO GEARS - GEAR #P16 NYLON,7896A,Active,323,
KINETICO VALVE PARTS - METER DISC #3,1506,Active,148,
KINETICO GEARS - GEAR #5,1526,Active,"1,172",
KINETICO CARTRIDGE – SELECTO QCM350+,16508,Active,7,
KINETICO CARTRIDGE – K5 VOC GUARD,12778,Active,22,
"KINETICO SMART START - TIMER CIRCUIT, LVL 1 W/COATING",12142,Active,1,
"PIPE - SS304, OD25MM X T0.6MM",T-0220,Active,9,
"SILICON SEALANT - NEUTRAL CURE, BLACK",T-0255,Active,130,
"HEATING ELEMENT, THERMOWATT, 240V 300W",PURC-000228,Inactive,86,
KINETICO DISTRIBUTOR – UPPER STANDARD DLD,2160A,Active,115,
"KINETICO SOLITAIRE VALVE - MAIN BASE, STANDARD",8651C,Active,30,
INSTALLATION KIT RAISER BRACKET – 270L/300L/400L,COMP-000470,Active,0,
PPR THREADED MALE SOCKET 1'',T-0272,Active,0,
"FILTER MEDIA – COARSE SAND, 2.4MM -4.8MM",S-PART-000385,Active,0,
"HOT PIPE S – 450L/100G, SM, COPPER, HALF HARD R250, OD22MM X T0.9MM",SMFG-000133,Active,0,
BRACKET FLAT ROOF – 180L,COMP-000031,Active,0,
"CARTON – SUMMER, 400L / 90G, T515MM X W515MM X L2770MM",PKG-000020,Active,0,
FAN CAPACITOR FOR MINI HEAT PUMP (APPLICABLE MODEL: 010603030004),CO-HF-05,Active,0,
"SCREW – ZP, PN, M4 X 0.7MM X 6MM",RAWM-000010,Active,0,
"KINETICO CONNECTORS – UNION 3/8TX1/4T, MG A6UC4, PLUSVX, QUICKFLO, A200, K5",8561A,Active,25,
"POWER DISTRIBUTION BOARD – 60A, 3 PHASE",PART-000143,Active,0,
SOLENOID VALVE COIL – 240V,PART-000124,Active,0,
"FOAM TAPE ROLL – BLACK, W12MM X L8M",PART-000054,Active,0,
"CARTRIDGE KINETICO MACH Prefilter 16"" 5Micron Reusable",11829,Active,0,
"PIPE - PPR, 63MM X 4MM PN20 GF RED STRIPE",T-0291,Active,0,
"SS REDUCER BUSH 3"" X 2""",T-0297,Active,0,
"SS NIPPLE 3""/80MM",T-0301,Active,0,
PPR TEE 63MM,T-0305,Active,0,
"PPR THREADED MALE ADAPTOR 63MM X 2""",T-0311,Active,0,
"KINETICO VALVE PART - ELBOW, LEVEL ONE DRAIN, 1/2""",72631,Active,1,
KINETICO PARTS-K2 Postfilter Head Bracket Assembly,9426E,Active,0,
PLUG TOP 13A,SUM-13A-PT,Active,0,0
"COLLECTOR OLIVE – BRASS, OD22MM X L131MM, M30",PART-000193,Active,0,
"PORTABLE GAS – NITROGEN, 4.0M3, REFILL",CSMB-000300,Active,0,
COMPRESSOR OIL - 4L,SL68,Active,0,
PVC PIPE CUTTER 0-42MM,T-0365,Active,3,0
"INSULATED WIRE ROLL – WHITE, FIBRE GLASS",RAWM-000026,Active,0,
"PIPE - BUTELINE, OD25MM, 5M",T-431,Active,0,
FILTER DRIER – 5/8”,PART-000103,Active,0,
HACKSAW - MINI,T-436,Active,0,
"POLY THREADED FEMALE BEND 3/4"" X 25MM",T-440,Active,0,
"PVC NIPPLE SOCKET 1/2""",T-444,Active,0,
PAINT BRUSH,T-450,Active,0,
"REFRIGERATION LUBRICANT – RL 68H, 5L",CSMB-000217,Active,0,
"COPPER ELBOW – 7/8""",PART-000098,Active,0,
COLLECTOR UNION,SMFG-000400,Active,0,
COMPRESSOR FOR MINI HEAT PUMP,PA 145G1C - 4FT1,Active,0,
"HOT PIPE S 300L/66G, SM, SS304, OD22MM X T0.7MM",SMFG-000381,Active,0,
"SCROLL CP, 10.4HP, 50HZ/ 3PH/ 380-420V, ROTOLOCK",PART-000166,Active,0,
"CARTON – MERU, 25L/5G, T360MM X W360MM X L685MM",PKG-000030,Active,0,
PRESSCONTROL 220-240V 50/60Hz 1.5BAR,APC1.5BAR,Active,0,
COLD EXPANSION VALVE - 1000KPA 3/4'',PURC-000087,Active,7,
KINETICO FC-550 DRINKING WATER STATION,100-1000,Active,4,
"PPR THREADED MALE SOCKET 3/4""",T-0010,Active,1,
BRASS TEE ADAPTER - ½'' X ½'' X ¾'',PART-000044,Active,279,
"PVC SOCKET 1/2""",T-0024,Active,10,
"PVC ELBOW 1/2""",T-0039,Active,56,
SS REDUCING NIPPLE 3/4'' X 1/2'',PART-000060,Active,42,
"SS NIPPLE 1/2""",PURC-000019,Active,121,
"BRASS THREADED FEMALE ELBOW 3/4""",T-0122,Active,120,
"BRASS THREADED MALE SOCKET 1/2""",PART-000111F,Active,"1,041",
"BRASS THREADED MALE SOCKET 3/4""",T-0145,Active,16,
"BRASS TEE 3/4""",T-0209,Active,85,
PVC REDUCER SOCKET 15MM X 25MM,T-0265,Active,0,
HEATING ELEMENT - PECOL,3401910,Active,4,
"COLLECTOR UNION – COPPER, HARD R290, OD22MM X T0.9MM X L115MM",SMFG-000067,Active,23,
"COLLECTOR TRIM - ALU ALLOY, 6063-T5, NATURAL ANODISE, T1.2MM X W3/4'' X W3/4'' X L2958MM",PART-000051,Active,15,
KINETICO SILICONE PACKET,1452,Active,10,
KINETICO GEARS - GEAR #2,1523,Active,"1,170",
KINETICO CAP AREA PARTS - METER DRIVE PAWL,7014,Active,476,
KINETICO GEARS - REGENERATION TURBINE #PP8,9272A,Active,246,
KINETICO CARTRIDGE – K5 MINERAL PLUS,13041,Active,37,
KINETICO CARTRIDGE – A200 MEMBRANE,9428A,Active,20,
"KINETICO MECHANICAL PARTS - SCREW, #10-14 1.5"" LONG",10734,Active,10,
KINETICO GEARS - GEAR #P14 NYLON,7894A,Active,462,
"KINETICO SEALS - O-RING, 011",10634,Active,28,
KINETICO VALVE PARTS - METER DISC #5,1508,Active,44,
"KINETICO VALVE PARTS - IN/OUT ADAPTER, MALE E CLIP, 1.25"", GFN PLASTIC",10739,Active,307,
"KINETICO SYSTEM CONTROLLERS - SMART START, NO BOX, EU",12137,Active,12,
"KINETICO DISTRIBUTOR TUBES - 8X40 UI KI, 2060",13439,Active,16,
"SOLENOID,BI-STABLE,6VDC",12104A,Active,2,
"PIPE - SS304, OD15MM X T0.6M",T-0218,Active,2,
"KINETICO MEDIA – MACROLITE RX, 1 ft³",16019,Active,1,
KINETICO VALVE PARTS - METER DISC #8,1511,Active,10,
CONDUIT - FLEXIBLE 6/8'',T-0260,Active,13,
"SENSOR POCKET - SS304, 1/2"" X L205MM",SMFG-000164,Active,5,
KINETICO DISTRIBUTOR TUBES - ASY 10X54 UI KI,13421,Active,22,
"PARTS KIT S – 400L / 90G, 3/4”, 2 COLLECTORS, SM PACKAGING – SOLAR: CARTON",COMP-K-000015,Active,11,
"KINETICO SEALS – O-RING, STEM GEAR, O-RING, 006-CBRV",2657,Active,"1,000",
"HEATING ELEMENT – INCOLOY 800, WHITE SEALANT, 9KW/415V, L450MM, STRAIGHT",PART-000003,Active,0,
"HOT PIPE S – 180L/40G, SM, COPPER, HALF HARD R250, OD22MM X T0.9MM",SMFG-000068,Active,0,
MAIN PC BOARD FOR MINI HEAT PUMP (APPLICABLE MODEL: 010602020101),CO-HF-13,Active,0,
BRACKET FLAT ROOF – 450L,COMP-000187,Active,0,
GX EVACUATED TUBE - S,S-COMP-000147,Active,0,
FAN MOTOR FOR MINI HEAT PUMP (APPLICABLE MODEL: 010202000208),CO-HF-20,Active,0,
"PPR THREADED MALE SOCKET 1/2""",T-0275,Active,0,
KINETICO AQUAKINETIC® A200 FILTER,13554,Active,0,
DUAL PRESSURE CONTROLLER,PART-000101,Active,0,
"MULTISTAGE PUMP – 0.37KW, 2900RPM, 415V, 3PH, 50HZ, HORIZONTAL",PART-000111,Active,0,
"ISOLATION BARRIER 110-220VAC, G1/2""(PTB),+UV,ITA-IB03",PART-000198,Active,0,
"CHECK VALVE – 2”, BSP",T-0295,Active,4,
"SS REDUCER BUSH 4"" X 3""",T-0299,Active,0,
PPR ELBOW 75MM,T-0303,Active,0,
PPR SOCKET 63MM,T-0308,Active,0,
"PPR THREADED MALE ADAPTOR 32MM X 1""",T-0313,Active,0,
Sealing Epoxy,T-0329,Active,0,
"GRINDING DISC 4""",CSMB-000063,Active,0,0
"36"" PLUMBING WRENCH",T-0342,Active,0,0
"PORTABLE GAS – ACETYLENE, 1.4M3, REFILL",CSMB-000210,Active,0,
AVENTURA BYPASS VALVE,T-0345,Active,0,
COCONUT SHELL BASE ACTIVATED CARBON,VE-SORB,Active,25,
PLIERS PUMP,T-0398,Active,0,0
CONCEALED TANK TRAY (GI) – 300L,LTFG-000598,Active,0,
"BUTELINE ELBOW 3/4""",T-433,Active,0,
"PVC CONDUIT FLEXI TUBING - 20MM, 30M",T-434,Active,0,
"LONG SLEEVE ANCHOR 3"" x 3/8""",T-438,Active,0,
POLY EQUAL BEND 25MM,T-442,Active,0,
PREMIX PLASTER 3KG,T-447,Active,0,
"CAPILLARY TUBE – 1/4”, C/W NUTS",PART-000088,Active,0,
"COPPER TUBE ACCESS VALVE – R134A, OD1/4"", L125MM",PART-000225,Active,0,
MAX RCCB,T-456,Active,0,
PVC GLUE,T-459,Active,0,
"RIVET BLIND – AL, 1/8'' X 3/8''",PART-000028,Active,0,
"COLLECTOR PLUG – BRASS,M30",PART-000194,Active,0,
"PIPE – PVC, CLASS D, 1/2” X L6000MM",RAWM-000151,Active,0,
DANFOSS VALVE 1/2” X 7/8” SOLDER ANGLEWAY,PART-000174,Active,0,
CHECK VALVE 3/4'',PURC-000119,Active,8,
Calgon HP 4-40PC - 0.75kW,T-0241,Active,1,
PPR ELBOW 32MM,T-0008,Active,0,
PPR REDUCING BUSH,T-0014,Active,22,
"PVC SOCKET 3/4""",T-0023,Active,2,
"PVC THREADED MALE SOCKET 1/2""",T-0038,Active,26,
BALL COCK 22MM,T-0052,Active,0,
"BRASS TEE 1/2""",T-0104,Active,"1,006",
"BRASS SOCKET 1/2""",T-0121,Active,49,
"BRASS SOCKET 3/4""",T-0126,Active,10,
"SS NIPPLE 3/4""",T-0132,Active,7,
"BRASS REDUCER SOCKET 3/4"" X 1/2""",T-0207,Active,390,
"PLUG TOP – WHITE, 250VAC, 15A",PART-000076,Active,58,
"COLLECTOR PLUG – BRASS, 3/4”, BSP",PART-000048,Active,643,
"COLLECTOR STRAP – SS304, T0.9MM X W30MM X L795MM",SMFG-000166,Active,22,
"KINETICO CAP AREA PARTS - O-RING, BALANCE PISTON, 016",1070,Active,390,
KINETICO GEARS - STEM GEAR,1521,Active,575,
KINETICO GEARS - GEAR #7,1528,Active,697,
KINETICO GEARS - METER TURBINE #PP9,9258,Active,52,
KINETICO CAP AREA PARTS - REGENERATION START PAWL,1783,Active,661,
"KINETICO, CONTROL/DRAIN VALVE SEAL",7869,Active,0,
KINETICO GEARS - GEAR #P2 NYLON,7886A,Active,292,
KINETICO GEARS - GEAR #P20 NYLON,7898A,Active,326,
KINETICO VALVE PARTS - METER DISC #4,1507,Active,127,
KINETICO GEARS - GEAR #3,1524,Active,"1,276",
"KINETICO PREFILTER CARTRIDGE - 16"", 5MICRON, REUSABLE",11829A,Active,15,
"KINETICO DISTRIBUTOR TUBES - 7X35 UI KI, 2030",16810,Active,14,
FILTER CLIP AT INLET & OUTLET,11098A,Active,483,
"PIPE - PVC, GREY, 1/2""",T-0217,Active,0,
"PIPE - PE, OD25MM",T-0222,Active,15,
MASKING TAPE – W36MM X L20YDS,CSMB-000159,Active,17,
BALL COCK 15MM,T-0004,Active,3,
"CONNECTOR LINK, 8""- FOR 2060, 4060 MODEL",2845,Active,40,
"KINETICO VALVE PART - O-RING, ACTUATOR",1460,Active,0,
"CARTON – COLLECTOR, T85MM X W1027MM X L1940MM",PKG-000010,Active,0,
"COLD PIPE S – 180L/40G, SM, COPPER, HALF HARD R250, OD22MM X T0.9MM",SMFG-000074,Active,0,
LCD DISPLAY CONTROLLER FOR MINI HEAT PUMP (APPLICABLE MODEL: 01060103011),CO-HF-03,Active,0,
BRACKET FLAT ROOF – 270L/300L/400L,COMP-000105,Active,0,
"KINETICO VALVE PART - CONTROL DISC, PURPLE",8635,Active,1,
AC CONTACTTOR FOR MINI HEAT PUMP (APPLICABLE MODEL: 010606001310),CO-HF-19,Active,0,
"KINETICO PARTS -BALL VALVE, 3/8 STEM-MG",11378,Active,25,
"CALORIFIER STRAP – SS304, T0.9MM X W30MM X L795MM",SMFG-000167,Active,0,
"CARTON – 300L/66G, T515MM X W515MM X L2320MM",PKG-000018,Active,0,
"PORTABLE GAS - REFRIGERANT GAS - R134A, 30LBS",CSMB-000290,Active,0,
"SCROLL COMPRESSOR – 5.0HP, 50HZ/ 3PH/ 380-420V, ROTOLOCK, ZB38KQE-TFD-55",PART-000168,Active,0,
"PRESSURE REDUCING VALVE 3/4"" INSTALLATION KIT",T-0286,Active,0,
KINETICO VALVE PARTS - FILTER HEAD SHELL LEVEL ONE,11111,Active,0,
"PIPE - PPR, 75MM X 4MM PN20 GF RED STRIPE",T-0292,Active,0,
"SS REDUCER BUSH 2"" X 1""",T-0298,Active,0,
PPR ELBOW 63MM,T-0302,Active,0,
PPR TEE 75MM,T-0306,Active,0,
PPR REDUCING SOCKET 63MM X 32MM,T-0312,Active,0,
KINETICO CAP AREA PART - SUPPORT PIN,1023,Active,3,
INSULATION TAPE PVC,T-0337,Active,0,0
3 Way Adaptor 13A,ES-7387,Active,0,0
Concrete Slab 1x2ft,T-0344,Active,0,
BRAZE FILLER – BRAZING ALLOY,RAWM-000169,Active,0,
"CARTON – MERU, 55L/12G, T480MM X W480MM X L710MM",PKG-000023,Active,0,
CORDLESS DRILL BATTERY 2.0AH,T-0388,Active,6,0
"INSULATED FEMALE DISCONNECTOR – BLUE, VINYL",RAWM-000020,Active,0,
"BUTELINE STRAIGHT COUPLING 3/4""",T-432,Active,0,
"ORIFICE CAGE – X22440-B7B, EMERSON",PART-000164,Active,0,
"1"" Stainless Steel U-Clip",T-437,Active,0,
"POLY THREADED MALE ADAPTOR 3/4"" X 25MM",T-441,Active,0,
"POLY THREADED MALE BEND 3/4"" X 25MM",T-445,Active,0,
"KINETICO SOLITAIRE VALVE - L3 WITH 1/2"" DRAIN",8653C,Active,0,
"SOLENOID VALVE SOLDER – 5/8”, EVR 10 NC, 032L1214",PART-000125,Active,0,
CEE 16A 3 PIN PLUG SOCKET,T-455,Active,0,
CONCRETE DRILL BIT,T-458,Active,0,
EVAPORATOR FOR COMMERCIAL HEAT PUMP,PART-000160,Active,0,
"HOSE - TRANTSPARENT, 13MM X 1.75MM X 30",HOSE-TR-13MM,Active,0,
"BALL VALVE - 3/4', BSP",CSMB-000009,Active,0,
"ELBOW – PVC, 15MM",RAWM-000153,Active,0,
DANFOSS THERMAL VALVE EXPANSION 067B3297 R134A,PART-000127,Active,0,
KINETICO SELECTO QCM350+,16507,Active,10,
"PPR SOCKET 20MM/ 1/2""",T-0012,Active,41,
"COLLECTOR OLIVE – BRASS, 3/4” X 8MM",PART-000047,Active,100,
"PVC SOCKET 1""",T-0028,Active,10,
"PVC END CAP 1/2""",T-0043,Active,24,
"BRASS REDUCER TEE 3/4"" X 1/2""",T-0078,Active,153,
"BRASS ELBOW 1/2""",T-0119,Active,95,
"BRASS THREADED MALE ELBOW 1/2""",T-0124,Active,3,
"BRASS THREADED FEMALE SOCKET 1/2""",T-0128,Active,369,
"POLY NIPPLE 1/2""",T-0190,Active,6,
"PRESSURE TEMPERATURE VALVE – 850KPA, 10KW, 1/2”",PART-000186,Active,0,
"COLLECTOR NUT – BRASS, 3/4”, BSP",PART-000046,Active,567,
"EXTRUSION - ALUMINIUM ALLOY, 6063-T5, T3.18MM X W1 1/2'' X W1 1/2'' X L6000MM",RAWM-000061,Active,0,
KINETICO VALVE PARTS - METER DISC #1,1504,Active,179,
KINETICO GEARS - GEAR #4,1525,Active,771,
KINETICO CAP AREA PARTS - NO BACKWASH PAWL,7097,Active,641,
KINETICO CAP AREA PARTS - ACTUATOR (NORYL),9284A,Active,30,
KINETICO CARTRIDGE – K5 MEMBRANE GREEN,12752B,Active,31,
KINETICO FAUCET – CLASSIC CHROME,12725,Active,42,
KINETICO HYDRUS VALVE PARTS - HYDRUS PISTON WASHER,10971,Active,30,
KINETICO GEARS - GEAR #P15 NYLON,7895A,Active,302,
KINETICO HYDRUS - ADAPTER E-CLIP,10921A,Active,36,
KINETICO CARTRIDGE – TF75 MEMBRANE,10501,Active,81,
"KINETICO SOLITAIRE VALVE - CP213F, ASSEMBLY, UT+L2, LEVEL 1",11252A,Active,26,
"KINETICO TUBING - PE, 3/8""X100' ROLL, BLACK, NSF CERTIFIED",1890,Active,33,
"PIPE - SS304, OD20MM X T0.6MM",T-0219,Active,5,
"HOSE - PLASTIC, 10MM X 1.75MM X 30M",T-0230,Active,5,
"PVC ELECTRICAL INSULATION TAPE, RED, 0.13MM X 18MM X 6M",T-0002,Active,56,
CEV WITH LEVER,PART-000178,Inactive,13,
"HEATING ELEMENT SET - 3KW, CE STANDARD",PURC-000234,Active,10,
"KINETICO CAP AREA PARTS - SPRING,METER DRIVE PAWL",7010A,Active,30,
"PARTS KIT S – 450L / 100G, 3/4”, 3 COLLECTORS, SM PACKAGING – SOLAR: CARTON",COMP-K-000017,Active,71,2
"COLD PIPE S – 300L / 66G, 450L/100G, SM, COPPER, HALF HARD R250, OD22MM X T0.9MM",SMFG-000066,Active,10,
"SHEET METAL – AL, T0.21MM x W3' X L8'",T-461,Active,55,
"ISOLATION BARRIER – 110~220VAC, 1/2'', METAL THREAD, +UV",PART-000074,Active,0,
"HOT PIPE S – 300L/66G, SM, COPPER, HALF HARD R250, OD22MM X T0.9MM",SMFG-000072,Active,0,
KINETICO HYDRUS VALVE PARTS - LEVEL 5B BASE (INCLUDES RETAINERS AND O-RING),10908A,Active,0,
KINETICO - CONNECTOR PIN,4742,Active,0,
COMPRESSOR CAPCITOR FOR MINI HEAT PUMP (APPLICABLE MODEL: 010603010003),CO-HF-04,Active,0,
"HOSE - PLASTIC, 13MM X 1.75MM X 30",,Active,0,
"KINETICO ELBOW – UNION 3/8T, MG, PLUSVX, QUICKFLO, A200, K5",7761,Active,25,
Kinetico Selecto QCM-350+,200-0001,Active,0,
"FILTER DRIER – DML ELIMINATOR, POE, 1/2”, DML-164, FLARE",PART-000161,Active,0,
"CHECK VALVE – 3”, BSP",T-0296,Active,4,
SS NIPPLE 2”/50MM,T-0300,Active,0,
"PPR THREADED FEMALE SOCKET 63MM X 2""",T-0304,Active,0,
PPR SOCKET 75MM,T-0309,Active,0,
"PIPE - PPR, 32MM X 4M PN20 GF RED STRIPE",T-0314,Active,0,
"COLD PIPE S – 450L/66G, SM, COPPER, HALF HARD R250, OD22MM X T0.9MM",T-0332,Active,0,
LED GLASS TUBE 22W 4',KSE-LT8-22DL,Active,0,0
CABLE TIE – 300mm,T-0343,Active,0,
"PORTABLE GAS – OXYGEN, 1.4M3, REFILL",CSMB-000213,Active,0,
"CABLE WIRE ROLL – GREY, 3 CORE, 2.5MM2, 90M",RAWM-000022,Active,0,
"GASKET 50MM, BLACK, RUBBER",T-0351,Active,0,
KINETICO VALVE PARTS - DRAIN VALVE W/QUAD,7872A,Active,0,
"BLOWER FAN SET - 20"", 3PH",PART-000083,Active,0,
"3/4"" Stainless Steel U-Clip",T-430,Active,0,
"PVC BASE BOX 3"" x 3""",T-435,Active,0,
"BOLT & NUT - SS, 50MM X 6MM",T-439,Active,0,
PVC PIPE PLUG 15MM,T-443,Active,0,
ANTI RUST PAINT,T-449,Active,0,
SIGHT GLASS SOLDER – 1/2”,PART-000170,Active,0,
COPPER ELBOW – 28MM,PART-000097,Active,0,
"PRESSURE GAUGE, 68MM",T-457,Active,0,
"COLD PIPE S – 300L/66G, 450L/100G, SM, SS304",SMFG-000389,Active,0,
"PRESSURE LIMITING VALVE–350KPA, 1/2"", MALE",PART-000202,Active,0,
COLLECTOR TRIM,SMFG-000076,Active,0,
Kliplock #5 Interface - 50MM,MRH-05-D,Active,0,
POLYSTYRENE FOAM – T6MM X W1004MM X L1913MM,PKG-000024,Active,0,
ORIFICE CAGE THERMOSTATIC EXPANSION VALVE 5 #02,PART-000162,Active,0,
"PRESSURE GAUGE – LOW, 2-1/2"" DIAL MR-205",PART-000117,Active,0,
"PRESSURE GAUGE – HIGH, 2-1/2"" DIAL MR-305",PART-000116,Active,0,
"PRESSURE REDUCING VALVE, 1~6 BAR, BRASS 3/4""",T-0278,Active,0,30
SUMMER 300L SOLAR WATER HEATER - INDIRECT,COMP-008035,Active,5,2
"VALVES – V09 1-1/4"" - 5/8"", 8168033",PART-000149,Active,0,
SUMMER 75E HCM - 3KW CARTON MAX,COMP-007153,Active,0,
SUMMER 450L SOLAR WATER HEATER - DIRECT,COMP-005672,Active,6,5
KINETICO CARTRIDGE – K5/A200 MAC T&O (12673),9306B,Active,88,
MERU MP15 HCM - 3KW WRAP CEV,COMP-006082,Active,0,0
KINETICO CARTRIDGE – K5/A200 PREFILTER HIGH CAP CARBON(9462A),9461A,Active,99,
"MERU MP136 HWM – 3 X 3KW BASIC, IT[SS316, T2MM]",COMP-006076,Active,0,
"KINETICO VALVE PARTS - FILTER HEAD CAP, DFFR B/W-ULTEM-WHITE",8697B,Active,50,
"HEATING ELEMENT - SUS321, 9KW/415V, STRAIGHT",PURC-000075,Inactive,4,
"THERMOSTAT – ECO, 240VAC, 50HZ, 30A, 60°C–70°C, 95°C",RAWM-000016,Active,105,
"COLD EXPANSION VALVE – 700KPA X 1/2”, BSP",PART-000042,Active,19,
MERU MP55 HWM-L - 3KW WRAPED BASIC,COMP-D-000721,Active,0,0
"GASKET HEATING ELEMENT – BLACK, RUBBER, T11MM X W64MM X L64MM",PART-000011,Active,38,
MERU MP75 HWM - 3KW WRAPED BASIC,COMP-007186,Active,0,
"BRASS GATE VALVE 1/2""",T-0212,Active,5,
MERU MP90 HWM-R - 9KW WRAPED BASIC,COMP-007433,Active,0,0
MERU MP30 HCM - 3KW WRAPED BASIC,COMP-006240,Active,0,
MERU MP34 HWM-R - 3KW WRAPED BASIC,COMP-006284,Active,13,
"COLD EXPANSION VALVE – 700KPA X 1/2”, BSP, FARIS",PART-000191,Active,0,
MP75-MERU-OD430MM-OC[ZNAL 0.45MM]-IT[SS304 1.2MM]-HWM-1H-NC-CARTON-CEV-SOLARTECH,COMP-007166,Active,0,
Silicon - Allyseal - Non Alcohol & Acid -792N - Grey,T-02556,Active,0,
KINETICO VALVE PARTS - METER DISC #2,1505,Active,307,
MERU MP34 HCM - 3KW CARTON PTV,COMP-007788,Active,0,
"KINETICO PREMIER SERIES® MACH 2030F OD, MACROLITE®",12662,Active,7,
KINETICO K5 Core,12799,Active,1,
MERU MP115 HCM - WRAPED BASIC,COMP-007954,Active,0,
"Kinetico Premier Series® MACH 2030f OD, Macrolite® Complete System (Home Care)",KSI-0003,Active,0,
Kinetico Premier Series® MACH 2060s OD,11201,Active,0,
KINETICO K5 DRINKING WATER STATION®,T-0277,Active,0,
Summer® SOLAR GENUINE CARE PLAN - DIRECT TOTAL 1 CARE SERVICES,BCCP-007,Active,0,
MERU MP300 VFM - 3KW WRAPPED BASIC,COMP-004990,Active,0,
"CONTACTOR–3P,LC1,E1201,EASYPACT TVS,SCHNEIDER",PART-000250,Active,0,
MERU MP68 HCM 3kW Wrapped PTV,COMP-006579,Active,0,
"BRASS FLARE NUT - 1/2""",PART-000181,Active,0,
INSTALLATION KIT RAISER BRACKET – 180L,COMP-000469,Active,0,
SUMMER 55E HWM-L - 3KW WRAPED BASIC,COMP-006515,Active,0,
KINETICO FC-550 TOTAL CARE,KCS-001,Active,0,
SUMMER® 450CX Solar Hot Water System Complete System (Home Care),SOLI-012,Active,0,
KINETICO MEDIA - Macrolite® - 2060,FMED-002,Active,,
Solar Collector SUMMER - CX Full Header Socket,COMP-008061,Active,0,
CONTACTOR-SCHNEIDER 3P LC1 E1201 EASYPACT TVS N5,LC1E1201U5,Active,0,
"SOLENOID VALVE SOLDER – 1/2”, EVR 6 NC, 032L1209",PART-000171,Active,0,
"KINETICO PREMIER SERIES® MACH 2060F OD, MACROLITE®",11211,Active,9,
CRANE RENTAL (25 TONNE),BCGS-025,Active,,
"Kinetico Premier Series® MACH 2060f OD, Macrolite® Complete System (Retail)",KS-0004,Active,0,
KINETICO PREMIER SERIES® MACH 2030f-2100f TOTAL CARE,KCS-003,Active,0,
SWITCH SOCKET 15A,T-425,Active,0,0
"TEE – PVC, 1/2”",RAWM-000152,Active,0,
Printer-Inkjet (A4) Bottle Ink/B 6000 C 7000,PRI-INK-B60,Active,0,
"BRASS FLARE NUT - 5/8""",PART-000089,Active,0,
MERU MP45 HCM - 3KW CARTON BASIC,COMP-007721,Active,0,
SUMMER 55E HCM - 3KW WRAPED BASIC,COMP-006507,Active,2,
"KINETICO AIR TANK - QUICKFLO STORAGE TANK, 3 GALLON, BLACK",12754,Active,44,
SUMMER® CEV SAFETY KIT,COMP-000345,Active,0,
OUTSTATION CHARGES,BCGS-033,Active,,
MERU MP55 HWM - 3KW WRAPED BASIC,COMP-006512,Active,0,
Kinetico Valve Hydrus Softer Complete Brine Valve,PN74160,Active,0,
PVC Platform Hand Trolley With PU Wheel,T035-085,Active,0,
STEEL BAND 12MM X 10MM (0.7MM),T-258,Active,0,
HEATING ELEMENT - ELTON,3170525,Active,3,
GX MANIFOLD - 8,S-COMP-000546,Active,0,
"KINETICO MEDIA TANK - 8X40 UI, 2060",13429,Active,14,
MERU MP90 HCM - 3KW WRAPED BASIC,COMP-007225,Active,30,5
MERU MP75 HWM-L - 3KW WRAPED BASIC,COMP-007190,Active,0,
Manifold Kinetico K5 Drinking Water Station®,13962,Active,,
PLASTER CEILING REPAIR,BCGS-032,Active,,
MERU MP60 HWM-R - 3KW WRAPED BASIC,COMP-006558,Active,5,
"CARTON – SUMMER, 300L / 66G, T515MM X W515MM X L2330MM",PKG-000017,Active,0,
INSTALLATION RAISER KIT–300L/66G-2 COLLECTORS-FLAT,LTFG-000599,Active,0,
MERU MP68 HCM - 3KW WRAPPED BASIC,COMP-006583,Active,12,0
"CARTON – COLLECTOR, T85MM X W255MM X L1015MM",PKG-000013,Active,0,
SUMMER® PTV SAFETY KIT,COMP-000404,Active,0,
SUMMER 1350L / 300G VFM - 9KW BASIC,COMP-006701,Active,0,
COMMERCIAL APPLIANCES REPAIR SERVICE,BCGS-035,Active,,
COMMERCIAL APPLIANCE DISMANTLING SERVICE,CMGS-002,Active,,
MERU MP55 HCM - 3KW WRAPED BASIC,COMP-006508,Active,10,0
TERMINAL BLOCK @ CONNECTOR,RAWM-000011,Active,44,
SUMMER® SOLAR 300 FLAT INSTALL KIT,COMP-000360,Active,0,
"COLLECTOR NUT - BRASS, M30",PURC-000160,Active,121,
APPLIANCE DOOR-TO-DOOR DELIVERY,BCGS-026,Active,,
"ISOLATION BARRIER – 110~220VAC, 1/2''",PART-000049,Active,424,
SUMMER® SOLAR TOTAL CARE,COMP-000405,Active,0,
"PRESSURE REDUCING VALVE, 1~6 BAR, BRASS 1""",T-0276,Active,0,
"PRESSURE REDUCING VALVE, 5 BAR, 3/4""",PSL75 (PSL715),Active,0,
"THERMOSTAT – AUTO ECO, 240VAC, 50HZ, 30A, 60°C – 70°C",RAWM-000015,Active,90,
MERU MP136 VFM - 3 X 3KW SS316 CARTON PTV,COMP-000231-SS316-PTV-3X3KW,Active,0,
SUMMER® SOLAR TOTAL SAFETY KIT,COMP-000346,Active,0,
SUMMER® 300CX Solar Hot Water Complete System (Retail),SOL-017,Active,0,
"THERMOSTAT – 3P, 415VAC, 50HZ, 30°C-75°C",RAWM-000028,Active,3,
HEATING ELEMENT - 9KW SQUARE,PURC-000239,Active,4,
"THERMAL LIMITER – 3P, 415VAC, 50HZ, 82°C",PART-000004,Active,0,
Product Health Check (Waived),DISC-001,Active,,
MERU MP45 HCM - 3KW WRAPED BASIC,COMP-006412,Active,16,3
"COLD EXPANSION VALVE - 800KPA X 1/2"", BSP",PURC-000098,Active,40,
MERU MP75 HCM - 3KW WRAPED BASIC,COMP-007182,Active,4,0
"CARTON – SUMMER, 180L/40G, T513MM x W513MM x L1550MM",PKG-000006,Active,0,
SUMMER® 180CX Solar Hot Water Complete System (Retail),SOL-0014,Active,0,
SUMMER® 180CX Solar Hot Water System Complete System (Home Care),SOLI-014,Active,0,
"PARTS KIT S – 180L / 40G, 3/4”, 1 COLLECTOR, SM PACKAGING – SOLAR: CARTON",COMP-K-000011,Active,10,0
"MERU MP300 BASIC - 9KW/415V, 3/4"", VFM, WRAPPED",COMP-004916,Active,0,
KINETICO REMOTE BASE PARTS - BLK WELDED ACS,13705,Active,96,
SUMMER Red - 5L,PURC-000029,Active,,
KINETICO CARTRIDGE – FC-550 NANOFACT® CARTRIDGE,100-1002,Active,70,
KINETICO CARTRIDGE – FC-550 CARBON CARTRIDGE,100-1001,Active,49,
KINETICO BYPASS VALVE,T-0271,Active,27,
KINETICO CP213F OD - MACROLITE®,11246,Active,0,
Kinetico CP213F OD - Macrolite® Complete System (Home Care),KSI-0002,Active,0,
SUMMER 180L SOLAR WATER HEATER - DIRECT,COMP-008046,Active,6,3
SUMMER® Solar Glass,PART-000053,Active,0,
PIPE MODIFICATION,BCGS-031,Active,,
"SUMMER® RED – GLYCOL, 5L",SMFG-000150,Active,14,
"HEATING ELEMENT – INCOLOY 800, RED SEALANT, 3KW/240V, L315MM, STRAIGHT",PART-000010,Active,33,
SEAL TAPE - TEFLON PTFE,T-0257,Active,700,
Cartridge Kinetico Pre&Post Set K5/A200,DCAR-001,Active,,
APPLIANCE HEALTH CHECK,BCGS-014,Active,,
CRANE RENTAL(20 TONNE),BCGS-012,Active,,
"MERU MP136 HWM – 3 X 3KW PTV, IT[SS316, T2MM]",COMP-006075,Active,0,
"CHECK VALVE – 1/2'', BSP",PART-000045,Active,512,
STOCK TRANSFER TRANSPORTATION SERVICE,BCGS-037,Active,,
SUMMER 300L SOLAR WATER HEATER - DIRECT,COMP-005659,Active,72,60
"KINETICO MEDIA TANK - 7X35 UI, 2030",13427,Active,6,
APPLIANCE DISMANTLING SERVICE,BCGS-027,Active,,
"PRESSURE REDUCING VALVE, 1~6 BAR, BRASS 1/2""",T-0287,Active,0,
"THERMOSTAT – 60°C, 95°C",PURC-000035,Active,,
Courier - Peninsular,BCGS-039,Active,,
"PRESSURE TEMPERATURE VALVE – 700KPA, 10KW, 1/2”",PART-000050,Active,235,
SUMMER 75E HCM - 3KW WRAP BASIC,COMP-007181,Active,0,
SUMMER® 300CX Solar Hot Water System Complete System (Home Care),SOLI-017,Active,0,
KINETICO PREMIER SERIES® MACH 2030f-2100f TOTAL CARE KIT,KCSK-003,Active,0,
"MP90 ELECTRIC HEATER – 2x3KW,SS316 HWM,MERU,PTV",COMP-008021,Active,0,0
Solar Collector SUMMER - CX,COMP-002937,Active,106,45
APPLIANCE MAINTENANCE SERVICE,BCGS-028,Active,,
"Kinetico Premier Series® MACH 2060f OD, Macrolite® Complete System (Home Care)",KSI-0004,Active,0,
Valve Module Kinetico 2030-2060F,KDSK-001,Active,,
"PARTS KIT S – 300L / 66G, 3/4”, 2 COLLECTORS, SM PACKAGING – SOLAR: CARTON",COMP-005628,Active,10,18
KINETICO CARTRIDGE – MAC VOC / LEAD (9418A),9308A,Active,97,
APPLIANCE INSTALLATION SERVICE,BCGS-013,Active,,
KINETICO PREMIER SERIES® MACH 2030f-2100f REPAIR KIT,KCSK-005,Active,0,
